2026-09-21 02:17:35,133 - __main__ - INFO - ingest_data.py:249 - ============================================================
2026-09-21 02:17:35,134 - __main__ - INFO - ingest_data.py:250 - STARTING DATA INGESTION PIPELINE
2026-09-21 02:17:35,134 - __main__ - INFO - ingest_data.py:251 - ============================================================
2026-09-21 02:17:35,134 - __main__ - INFO - ingest_data.py:257 - Step 1: Ingesting data...
2026-09-21 02:17:35,134 - __main__ - INFO - ingest_data.py:49 - Starting data ingestion...
2026-09-21 02:17:35,134 - src.sales_forecast_system.data.ingestion - INFO - ingestion.py:22 - Loading training data from data/raw/train.csv
2026-09-21 02:17:35,573 - src.sales_forecast_system.data.ingestion - INFO - ingestion.py:24 - Loaded 421570 rows
2026-09-21 02:17:35,574 - src.sales_forecast_system.data.ingestion - INFO - ingestion.py:33 - Loading stores data from data/raw/stores.csv
2026-09-21 02:17:35,595 - src.sales_forecast_system.data.ingestion - INFO - ingestion.py:35 - Loaded 45 rows
2026-09-21 02:17:35,596 - src.sales_forecast_system.data.ingestion - INFO - ingestion.py:44 - Loading features data from data/raw/features.csv
2026-09-21 02:17:35,635 - src.sales_forecast_system.data.ingestion - INFO - ingestion.py:46 - Loaded 8190 rows
2026-09-21 02:17:35,830 - __main__ - INFO - ingest_data.py:86 - Data ingestion completed. Loaded 429805 rows
2026-09-21 02:17:35,831 - __main__ - INFO - ingest_data.py:261 - Step 2: Validating data...
2026-09-21 02:17:35,831 - __main__ - INFO - ingest_data.py:96 - Validating ingested data...
2026-09-21 02:17:35,831 - src.sales_forecast_system.data.validation - INFO - validation.py:80 - Validating train data
2026-09-21 02:17:35,852 - src.sales_forecast_system.data.validation - WARNING - validation.py:67 - Found 1285 rows with negative sales
2026-09-21 02:17:35,855 - src.sales_forecast_system.data.validation - WARNING - validation.py:72 - Found 73 rows with zero sales
2026-09-21 02:17:35,909 - src.sales_forecast_system.data.validation - INFO - validation.py:42 - Date range: 2010-02-05 00:00:00 to 2012-10-26 00:00:00
2026-09-21 02:17:35,919 - src.sales_forecast_system.data.validation - INFO - validation.py:80 - Validating stores data
2026-09-21 02:17:35,922 - src.sales_forecast_system.data.validation - INFO - validation.py:80 - Validating features data
2026-09-21 02:17:35,944 - src.sales_forecast_system.data.validation - INFO - validation.py:42 - Date range: 2010-02-05 00:00:00 to 2013-07-26 00:00:00
2026-09-21 02:17:35,947 - src.sales_forecast_system.data.validation - WARNING - validation.py:55 - Columns with >50.0% missing values: ['MarkDown1', 'MarkDown2', 'MarkDown3', 'MarkDown4', 'MarkDown5']
2026-09-21 02:17:35,948 - src.sales_forecast_system.data.validation - INFO - validation.py:99 - All validations passed
2026-09-21 02:17:35,985 - __main__ - WARNING - ingest_data.py:121 - Found 415135 duplicate rows in train data
2026-09-21 02:17:35,995 - __main__ - INFO - ingest_data.py:273 - Step 3: Creating backup...
2026-09-21 02:17:35,995 - __main__ - INFO - ingest_data.py:172 - Creating backup of raw data...
2026-09-21 02:17:36,004 - __main__ - INFO - ingest_data.py:180 - Backed up train.csv to data/raw/backup/20260921_021735
2026-09-21 02:17:36,005 - __main__ - INFO - ingest_data.py:180 - Backed up features.csv to data/raw/backup/20260921_021735
2026-09-21 02:17:36,005 - __main__ - INFO - ingest_data.py:180 - Backed up stores.csv to data/raw/backup/20260921_021735
2026-09-21 02:17:36,006 - __main__ - INFO - ingest_data.py:277 - Step 4: Saving processed data...
2026-09-21 02:17:36,006 - __main__ - INFO - ingest_data.py:145 - Saving processed data...
2026-09-21 02:17:37,352 - __main__ - INFO - ingest_data.py:152 - Saved train data to data/processed/train_processed.csv
2026-09-21 02:17:37,857 - __main__ - INFO - ingest_data.py:157 - Saved train data to data/processed/train_processed.parquet
2026-09-21 02:17:37,859 - __main__ - INFO - ingest_data.py:152 - Saved stores data to data/processed/stores_processed.csv
2026-09-21 02:17:37,861 - __main__ - INFO - ingest_data.py:157 - Saved stores data to data/processed/stores_processed.parquet
2026-09-21 02:17:37,967 - __main__ - INFO - ingest_data.py:152 - Saved features data to data/processed/features_processed.csv
2026-09-21 02:17:37,989 - __main__ - INFO - ingest_data.py:157 - Saved features data to data/processed/features_processed.parquet
2026-09-21 02:17:37,991 - __main__ - INFO - ingest_data.py:163 - Saved ingestion report to data/processed/ingestion_report.json
2026-09-21 02:17:37,991 - __main__ - INFO - ingest_data.py:281 - Step 5: Generating summary report...
2026-09-21 02:17:37,991 - __main__ - INFO - ingest_data.py:194 - Generating summary report...
2026-09-21 02:17:38,054 - __main__ - INFO - ingest_data.py:235 - Summary report saved to data/processed/summary_report.json
2026-09-21 02:17:38,055 - __main__ - INFO - ingest_data.py:294 - ============================================================
2026-09-21 02:17:38,056 - __main__ - INFO - ingest_data.py:295 - DATA INGESTION COMPLETED SUCCESSFULLY
2026-09-21 02:17:38,056 - __main__ - INFO - ingest_data.py:296 - Duration: 2.92 seconds
2026-09-21 02:17:38,056 - __main__ - INFO - ingest_data.py:297 - ============================================================
2026-09-21 02:46:23,861 - src.sales_forecast_system.models.xgboost_model - INFO - xgboost_model.py:37 - Preparing data for XGBoost...
2026-09-21 02:52:47,017 - src.sales_forecast_system.models.xgboost_model - INFO - xgboost_model.py:37 - Preparing data for XGBoost...
2026-09-21 03:33:24,040 - src.sales_forecast_system.pipelines.training_pipeline - INFO - training_pipeline.py:28 - Starting training pipeline for Store 1, Dept 1
2026-09-21 03:33:43,764 - src.sales_forecast_system.pipelines.training_pipeline - INFO - training_pipeline.py:32 - Step 1: Loading data...
2026-09-21 03:33:43,765 - src.sales_forecast_system.data.ingestion - INFO - ingestion.py:22 - Loading training data from data/raw/train.csv
2026-09-21 03:33:44,495 - src.sales_forecast_system.data.ingestion - INFO - ingestion.py:24 - Loaded 421570 rows
2026-09-21 03:33:44,496 - src.sales_forecast_system.data.ingestion - INFO - ingestion.py:33 - Loading stores data from data/raw/stores.csv
2026-09-21 03:33:44,523 - src.sales_forecast_system.data.ingestion - INFO - ingestion.py:35 - Loaded 45 rows
2026-09-21 03:33:44,523 - src.sales_forecast_system.data.ingestion - INFO - ingestion.py:44 - Loading features data from data/raw/features.csv
2026-09-21 03:33:44,574 - src.sales_forecast_system.data.ingestion - INFO - ingestion.py:46 - Loaded 8190 rows
2026-09-21 03:33:44,574 - src.sales_forecast_system.pipelines.training_pipeline - INFO - training_pipeline.py:36 - Step 2: Validating data...
2026-09-21 03:33:44,574 - src.sales_forecast_system.data.validation - INFO - validation.py:80 - Validating train data
2026-09-21 03:33:44,603 - src.sales_forecast_system.data.validation - WARNING - validation.py:67 - Found 1285 rows with negative sales
2026-09-21 03:33:44,607 - src.sales_forecast_system.data.validation - WARNING - validation.py:72 - Found 73 rows with zero sales
2026-09-21 03:33:44,749 - src.sales_forecast_system.data.validation - INFO - validation.py:42 - Date range: 2010-02-05 00:00:00 to 2012-10-26 00:00:00
2026-09-21 03:33:44,855 - src.sales_forecast_system.data.validation - INFO - validation.py:80 - Validating stores data
2026-09-21 03:33:44,858 - src.sales_forecast_system.data.validation - INFO - validation.py:80 - Validating features data
2026-09-21 03:33:44,870 - src.sales_forecast_system.data.validation - INFO - validation.py:42 - Date range: 2010-02-05 00:00:00 to 2013-07-26 00:00:00
2026-09-21 03:33:44,874 - src.sales_forecast_system.data.validation - WARNING - validation.py:55 - Columns with >50.0% missing values: ['MarkDown1', 'MarkDown2', 'MarkDown3', 'MarkDown4', 'MarkDown5']
2026-09-21 03:33:44,875 - src.sales_forecast_system.data.validation - INFO - validation.py:99 - All validations passed
2026-09-21 03:33:44,875 - src.sales_forecast_system.pipelines.training_pipeline - INFO - training_pipeline.py:40 - Step 3: Preprocessing data...
2026-09-21 03:33:44,875 - src.sales_forecast_system.data.preprocessing - INFO - preprocessing.py:114 - Running complete preprocessing pipeline...
2026-09-21 03:33:44,876 - src.sales_forecast_system.data.preprocessing - INFO - preprocessing.py:26 - Merging data...
2026-09-21 03:33:45,202 - src.sales_forecast_system.data.preprocessing - INFO - preprocessing.py:47 - Merged dataset shape: (421570, 17)
2026-09-21 03:33:45,202 - src.sales_forecast_system.data.preprocessing - INFO - preprocessing.py:52 - Handling missing values...
2026-09-21 03:33:45,375 - __main__ - ERROR - train.py:34 - Training failed: NDFrame.fillna() got an unexpected keyword argument 'method'
2026-09-21 03:39:12,786 - src.sales_forecast_system.pipelines.training_pipeline - INFO - training_pipeline.py:28 - Starting training pipeline for Store 1, Dept 1
2026-09-21 03:39:14,864 - src.sales_forecast_system.pipelines.training_pipeline - INFO - training_pipeline.py:32 - Step 1: Loading data...
2026-09-21 03:39:14,865 - src.sales_forecast_system.data.ingestion - INFO - ingestion.py:22 - Loading training data from data/raw/train.csv
2026-09-21 03:39:15,400 - src.sales_forecast_system.data.ingestion - INFO - ingestion.py:24 - Loaded 421570 rows
2026-09-21 03:39:15,400 - src.sales_forecast_system.data.ingestion - INFO - ingestion.py:33 - Loading stores data from data/raw/stores.csv
2026-09-21 03:39:15,408 - src.sales_forecast_system.data.ingestion - INFO - ingestion.py:35 - Loaded 45 rows
2026-09-21 03:39:15,409 - src.sales_forecast_system.data.ingestion - INFO - ingestion.py:44 - Loading features data from data/raw/features.csv
2026-09-21 03:39:15,446 - src.sales_forecast_system.data.ingestion - INFO - ingestion.py:46 - Loaded 8190 rows
2026-09-21 03:39:15,447 - src.sales_forecast_system.pipelines.training_pipeline - INFO - training_pipeline.py:36 - Step 2: Validating data...
2026-09-21 03:39:15,447 - src.sales_forecast_system.data.validation - INFO - validation.py:80 - Validating train data
2026-09-21 03:39:15,460 - src.sales_forecast_system.data.validation - WARNING - validation.py:67 - Found 1285 rows with negative sales
2026-09-21 03:39:15,469 - src.sales_forecast_system.data.validation - WARNING - validation.py:72 - Found 73 rows with zero sales
2026-09-21 03:39:15,690 - src.sales_forecast_system.data.validation - INFO - validation.py:42 - Date range: 2010-02-05 00:00:00 to 2012-10-26 00:00:00
2026-09-21 03:39:15,698 - src.sales_forecast_system.data.validation - INFO - validation.py:80 - Validating stores data
2026-09-21 03:39:15,701 - src.sales_forecast_system.data.validation - INFO - validation.py:80 - Validating features data
2026-09-21 03:39:15,713 - src.sales_forecast_system.data.validation - INFO - validation.py:42 - Date range: 2010-02-05 00:00:00 to 2013-07-26 00:00:00
2026-09-21 03:39:15,717 - src.sales_forecast_system.data.validation - WARNING - validation.py:55 - Columns with >50.0% missing values: ['MarkDown1', 'MarkDown2', 'MarkDown3', 'MarkDown4', 'MarkDown5']
2026-09-21 03:39:15,718 - src.sales_forecast_system.data.validation - INFO - validation.py:99 - All validations passed
2026-09-21 03:39:15,718 - src.sales_forecast_system.pipelines.training_pipeline - INFO - training_pipeline.py:40 - Step 3: Preprocessing data...
2026-09-21 03:39:15,718 - src.sales_forecast_system.data.preprocessing - INFO - preprocessing.py:114 - Running complete preprocessing pipeline...
2026-09-21 03:39:15,718 - src.sales_forecast_system.data.preprocessing - INFO - preprocessing.py:26 - Merging data...
2026-09-21 03:39:15,958 - src.sales_forecast_system.data.preprocessing - INFO - preprocessing.py:47 - Merged dataset shape: (421570, 17)
2026-09-21 03:39:15,958 - src.sales_forecast_system.data.preprocessing - INFO - preprocessing.py:52 - Handling missing values...
2026-09-21 03:39:16,101 - src.sales_forecast_system.data.preprocessing - INFO - preprocessing.py:66 - Missing values after handling: 0
2026-09-21 03:39:16,101 - src.sales_forecast_system.data.preprocessing - INFO - preprocessing.py:71 - Creating date features...
2026-09-21 03:39:16,399 - src.sales_forecast_system.data.preprocessing - INFO - preprocessing.py:100 - Encoding categorical variables...
2026-09-21 03:39:16,680 - src.sales_forecast_system.data.preprocessing - INFO - preprocessing.py:107 - Encoded Type
2026-09-21 03:39:16,681 - src.sales_forecast_system.data.preprocessing - INFO - preprocessing.py:128 - Preprocessed dataset shape: (421570, 25)
2026-09-21 03:39:16,681 - src.sales_forecast_system.pipelines.training_pipeline - INFO - training_pipeline.py:46 - Step 4: Training models...
2026-09-21 03:39:16,682 - src.sales_forecast_system.training.trainer - INFO - trainer.py:150 - Training all models for Store 1, Dept 1
2026-09-21 03:39:16,682 - src.sales_forecast_system.training.trainer - INFO - trainer.py:35 - Training Prophet for Store 1, Dept 1
2026-09-21 03:39:16,698 - src.sales_forecast_system.models.prophet_model - INFO - prophet_model.py:64 - Training Prophet model...
2026-09-21 03:39:16,698 - src.sales_forecast_system.models.prophet_model - INFO - prophet_model.py:25 - Preparing data for Prophet...
2026-09-21 03:39:16,699 - src.sales_forecast_system.models.prophet_model - INFO - prophet_model.py:43 - Building Prophet model...
2026-09-21 03:39:17,095 - src.sales_forecast_system.models.prophet_model - INFO - prophet_model.py:70 - Prophet model trained successfully
2026-09-21 03:39:17,095 - src.sales_forecast_system.models.prophet_model - INFO - prophet_model.py:79 - Making predictions for 29 periods...
2026-09-21 03:39:17,323 - src.sales_forecast_system.training.trainer - INFO - trainer.py:80 - Training XGBoost for Store 1, Dept 1
2026-09-21 03:39:17,334 - src.sales_forecast_system.features.engineering - INFO - engineering.py:104 - Running complete feature engineering pipeline...
2026-09-21 03:39:17,334 - src.sales_forecast_system.features.engineering - INFO - engineering.py:20 - Creating time features...
2026-09-21 03:39:17,359 - src.sales_forecast_system.features.engineering - INFO - engineering.py:38 - Creating store features...
2026-09-21 03:39:17,368 - src.sales_forecast_system.features.engineering - INFO - engineering.py:53 - Creating markdown features...
2026-09-21 03:39:17,400 - src.sales_forecast_system.features.engineering - INFO - engineering.py:71 - Creating holiday features...
2026-09-21 03:39:17,465 - src.sales_forecast_system.features.engineering - INFO - engineering.py:88 - Creating interaction features...
2026-09-21 03:39:17,475 - src.sales_forecast_system.features.engineering - INFO - engineering.py:112 - Engineered dataset shape: (143, 50)
2026-09-21 03:39:17,481 - src.sales_forecast_system.models.xgboost_model - INFO - xgboost_model.py:94 - Training XGBoost model...
2026-09-21 03:39:17,481 - src.sales_forecast_system.models.xgboost_model - INFO - xgboost_model.py:37 - Preparing data for XGBoost...
2026-09-21 03:39:17,495 - src.sales_forecast_system.models.xgboost_model - INFO - xgboost_model.py:117 - Chronological split: 91 training rows, 23 validation rows
2026-09-21 03:39:17,495 - src.sales_forecast_system.models.xgboost_model - INFO - xgboost_model.py:69 - Building XGBoost model...
2026-09-21 03:39:20,259 - src.sales_forecast_system.models.xgboost_model - INFO - xgboost_model.py:132 - XGBoost model trained successfully
2026-09-21 03:39:20,297 - src.sales_forecast_system.training.trainer - INFO - trainer.py:115 - Training LightGBM for Store 1, Dept 1
2026-09-21 03:39:20,303 - src.sales_forecast_system.features.engineering - INFO - engineering.py:104 - Running complete feature engineering pipeline...
2026-09-21 03:39:20,304 - src.sales_forecast_system.features.engineering - INFO - engineering.py:20 - Creating time features...
2026-09-21 03:39:20,331 - src.sales_forecast_system.features.engineering - INFO - engineering.py:38 - Creating store features...
2026-09-21 03:39:20,338 - src.sales_forecast_system.features.engineering - INFO - engineering.py:53 - Creating markdown features...
2026-09-21 03:39:20,367 - src.sales_forecast_system.features.engineering - INFO - engineering.py:71 - Creating holiday features...
2026-09-21 03:39:20,388 - src.sales_forecast_system.features.engineering - INFO - engineering.py:88 - Creating interaction features...
2026-09-21 03:39:20,396 - src.sales_forecast_system.features.engineering - INFO - engineering.py:112 - Engineered dataset shape: (143, 50)
2026-09-21 03:39:20,397 - src.sales_forecast_system.models.lightgbm_model - INFO - lightgbm_model.py:94 - Training LightGBM model...
2026-09-21 03:39:20,397 - src.sales_forecast_system.models.lightgbm_model - INFO - lightgbm_model.py:37 - Preparing data for LightGBM...
2026-09-21 03:39:20,415 - src.sales_forecast_system.models.lightgbm_model - INFO - lightgbm_model.py:120 - Chronological split: 91 training rows, 23 validation rows
2026-09-21 03:39:20,416 - src.sales_forecast_system.models.lightgbm_model - INFO - lightgbm_model.py:69 - Building LightGBM model...
2026-09-21 03:39:20,637 - src.sales_forecast_system.models.lightgbm_model - INFO - lightgbm_model.py:134 - LightGBM model trained successfully
2026-09-21 03:39:20,660 - src.sales_forecast_system.models.hybrid_model - INFO - hybrid_model.py:136 - Training hybrid model...
2026-09-21 03:39:20,662 - src.sales_forecast_system.models.hybrid_model - INFO - hybrid_model.py:173 - Step 1/2: Training Prophet model...
2026-09-21 03:39:20,673 - src.sales_forecast_system.models.prophet_model - INFO - prophet_model.py:64 - Training Prophet model...
2026-09-21 03:39:20,673 - src.sales_forecast_system.models.prophet_model - INFO - prophet_model.py:25 - Preparing data for Prophet...
2026-09-21 03:39:20,674 - src.sales_forecast_system.models.prophet_model - INFO - prophet_model.py:43 - Building Prophet model...
2026-09-21 03:39:20,814 - src.sales_forecast_system.models.prophet_model - INFO - prophet_model.py:70 - Prophet model trained successfully
2026-09-21 03:39:20,815 - src.sales_forecast_system.models.hybrid_model - INFO - hybrid_model.py:206 - Prophet model trained successfully.
2026-09-21 03:39:20,815 - src.sales_forecast_system.models.hybrid_model - INFO - hybrid_model.py:213 - Step 2/2: Training ML residual model...
2026-09-21 03:39:20,818 - src.sales_forecast_system.features.engineering - INFO - engineering.py:104 - Running complete feature engineering pipeline...
2026-09-21 03:39:20,819 - src.sales_forecast_system.features.engineering - INFO - engineering.py:20 - Creating time features...
2026-09-21 03:39:20,832 - src.sales_forecast_system.features.engineering - INFO - engineering.py:38 - Creating store features...
2026-09-21 03:39:20,837 - src.sales_forecast_system.features.engineering - INFO - engineering.py:53 - Creating markdown features...
2026-09-21 03:39:20,864 - src.sales_forecast_system.features.engineering - INFO - engineering.py:71 - Creating holiday features...
2026-09-21 03:39:20,881 - src.sales_forecast_system.features.engineering - INFO - engineering.py:88 - Creating interaction features...
2026-09-21 03:39:20,889 - src.sales_forecast_system.features.engineering - INFO - engineering.py:112 - Engineered dataset shape: (114, 50)
2026-09-21 03:39:21,071 - src.sales_forecast_system.models.hybrid_model - INFO - hybrid_model.py:225 - Using XGBoost for residual modelling.
2026-09-21 03:39:21,074 - src.sales_forecast_system.models.xgboost_model - INFO - xgboost_model.py:94 - Training XGBoost model...
2026-09-21 03:39:21,075 - src.sales_forecast_system.models.xgboost_model - INFO - xgboost_model.py:37 - Preparing data for XGBoost...
2026-09-21 03:39:21,085 - src.sales_forecast_system.models.xgboost_model - INFO - xgboost_model.py:117 - Chronological split: 91 training rows, 23 validation rows
2026-09-21 03:39:21,085 - src.sales_forecast_system.models.xgboost_model - INFO - xgboost_model.py:69 - Building XGBoost model...
2026-09-21 03:39:23,569 - src.sales_forecast_system.models.xgboost_model - INFO - xgboost_model.py:132 - XGBoost model trained successfully
2026-09-21 03:39:23,570 - src.sales_forecast_system.models.hybrid_model - INFO - hybrid_model.py:258 - Hybrid model trained successfully.
2026-09-21 03:39:23,571 - src.sales_forecast_system.models.hybrid_model - INFO - hybrid_model.py:321 - Making hybrid predictions for 29 periods...
2026-09-21 03:39:23,573 - src.sales_forecast_system.models.prophet_model - INFO - prophet_model.py:79 - Making predictions for 29 periods...
2026-09-21 03:39:23,769 - src.sales_forecast_system.features.engineering - INFO - engineering.py:104 - Running complete feature engineering pipeline...
2026-09-21 03:39:23,769 - src.sales_forecast_system.features.engineering - INFO - engineering.py:20 - Creating time features...
2026-09-21 03:39:23,779 - src.sales_forecast_system.features.engineering - INFO - engineering.py:38 - Creating store features...
2026-09-21 03:39:23,784 - src.sales_forecast_system.features.engineering - INFO - engineering.py:53 - Creating markdown features...
2026-09-21 03:39:23,809 - src.sales_forecast_system.features.engineering - INFO - engineering.py:71 - Creating holiday features...
2026-09-21 03:39:23,826 - src.sales_forecast_system.features.engineering - INFO - engineering.py:88 - Creating interaction features...
2026-09-21 03:39:23,835 - src.sales_forecast_system.features.engineering - INFO - engineering.py:112 - Engineered dataset shape: (29, 50)
2026-09-21 03:39:23,912 - src.sales_forecast_system.training.trainer - INFO - trainer.py:244 - Model comparison completed:
                  rmse           mae       mape      smape        r2
model                                                               
prophet    5813.729478   3745.945489  21.015689  16.973626 -1.093537
xgboost    4285.825667   2098.365392  11.645513   9.566710 -0.137732
lightgbm   4494.480187   2715.256572  15.147825  13.439594 -0.251209
hybrid    10959.768515  10268.515743  56.900171  43.060357 -6.440015
2026-09-21 03:39:24,059 - src.sales_forecast_system.pipelines.training_pipeline - INFO - training_pipeline.py:50 - Step 5: Saving models...
2026-09-21 03:39:24,059 - src.sales_forecast_system.training.trainer - INFO - trainer.py:254 - Saving models...
2026-09-21 03:39:24,080 - src.sales_forecast_system.models.prophet_model - INFO - prophet_model.py:102 - Model saved to artifacts/trained_models//prophet_model.pkl
2026-09-21 03:39:24,186 - __main__ - ERROR - train.py:34 - Training failed: [Errno 2] No such file or directory: 'artifacts/feature_lists/xgboost_features.pkl'
2026-09-21 03:44:33,596 - src.sales_forecast_system.pipelines.training_pipeline - INFO - training_pipeline.py:28 - Starting training pipeline for Store 1, Dept 1
2026-09-21 03:44:35,162 - src.sales_forecast_system.pipelines.training_pipeline - INFO - training_pipeline.py:32 - Step 1: Loading data...
2026-09-21 03:44:35,167 - src.sales_forecast_system.data.ingestion - INFO - ingestion.py:22 - Loading training data from data/raw/train.csv
2026-09-21 03:44:35,551 - src.sales_forecast_system.data.ingestion - INFO - ingestion.py:24 - Loaded 421570 rows
2026-09-21 03:44:35,551 - src.sales_forecast_system.data.ingestion - INFO - ingestion.py:33 - Loading stores data from data/raw/stores.csv
2026-09-21 03:44:35,554 - src.sales_forecast_system.data.ingestion - INFO - ingestion.py:35 - Loaded 45 rows
2026-09-21 03:44:35,554 - src.sales_forecast_system.data.ingestion - INFO - ingestion.py:44 - Loading features data from data/raw/features.csv
2026-09-21 03:44:35,574 - src.sales_forecast_system.data.ingestion - INFO - ingestion.py:46 - Loaded 8190 rows
2026-09-21 03:44:35,574 - src.sales_forecast_system.pipelines.training_pipeline - INFO - training_pipeline.py:36 - Step 2: Validating data...
2026-09-21 03:44:35,575 - src.sales_forecast_system.data.validation - INFO - validation.py:80 - Validating train data
2026-09-21 03:44:35,579 - src.sales_forecast_system.data.validation - WARNING - validation.py:67 - Found 1285 rows with negative sales
2026-09-21 03:44:35,583 - src.sales_forecast_system.data.validation - WARNING - validation.py:72 - Found 73 rows with zero sales
2026-09-21 03:44:35,751 - src.sales_forecast_system.data.validation - INFO - validation.py:42 - Date range: 2010-02-05 00:00:00 to 2012-10-26 00:00:00
2026-09-21 03:44:35,759 - src.sales_forecast_system.data.validation - INFO - validation.py:80 - Validating stores data
2026-09-21 03:44:35,762 - src.sales_forecast_system.data.validation - INFO - validation.py:80 - Validating features data
2026-09-21 03:44:35,771 - src.sales_forecast_system.data.validation - INFO - validation.py:42 - Date range: 2010-02-05 00:00:00 to 2013-07-26 00:00:00
2026-09-21 03:44:35,774 - src.sales_forecast_system.data.validation - WARNING - validation.py:55 - Columns with >50.0% missing values: ['MarkDown1', 'MarkDown2', 'MarkDown3', 'MarkDown4', 'MarkDown5']
2026-09-21 03:44:35,774 - src.sales_forecast_system.data.validation - INFO - validation.py:99 - All validations passed
2026-09-21 03:44:35,775 - src.sales_forecast_system.pipelines.training_pipeline - INFO - training_pipeline.py:40 - Step 3: Preprocessing data...
2026-09-21 03:44:35,775 - src.sales_forecast_system.data.preprocessing - INFO - preprocessing.py:114 - Running complete preprocessing pipeline...
2026-09-21 03:44:35,775 - src.sales_forecast_system.data.preprocessing - INFO - preprocessing.py:26 - Merging data...
2026-09-21 03:44:36,239 - src.sales_forecast_system.data.preprocessing - INFO - preprocessing.py:47 - Merged dataset shape: (421570, 17)
2026-09-21 03:44:36,240 - src.sales_forecast_system.data.preprocessing - INFO - preprocessing.py:52 - Handling missing values...
2026-09-21 03:44:36,391 - src.sales_forecast_system.data.preprocessing - INFO - preprocessing.py:66 - Missing values after handling: 0
2026-09-21 03:44:36,392 - src.sales_forecast_system.data.preprocessing - INFO - preprocessing.py:71 - Creating date features...
2026-09-21 03:44:36,649 - src.sales_forecast_system.data.preprocessing - INFO - preprocessing.py:100 - Encoding categorical variables...
2026-09-21 03:44:36,816 - src.sales_forecast_system.data.preprocessing - INFO - preprocessing.py:107 - Encoded Type
2026-09-21 03:44:36,817 - src.sales_forecast_system.data.preprocessing - INFO - preprocessing.py:128 - Preprocessed dataset shape: (421570, 25)
2026-09-21 03:44:36,817 - src.sales_forecast_system.pipelines.training_pipeline - INFO - training_pipeline.py:46 - Step 4: Training models...
2026-09-21 03:44:36,817 - src.sales_forecast_system.training.trainer - INFO - trainer.py:150 - Training all models for Store 1, Dept 1
2026-09-21 03:44:36,817 - src.sales_forecast_system.training.trainer - INFO - trainer.py:35 - Training Prophet for Store 1, Dept 1
2026-09-21 03:44:36,833 - src.sales_forecast_system.models.prophet_model - INFO - prophet_model.py:64 - Training Prophet model...
2026-09-21 03:44:36,833 - src.sales_forecast_system.models.prophet_model - INFO - prophet_model.py:25 - Preparing data for Prophet...
2026-09-21 03:44:36,834 - src.sales_forecast_system.models.prophet_model - INFO - prophet_model.py:43 - Building Prophet model...
2026-09-21 03:44:36,998 - src.sales_forecast_system.models.prophet_model - INFO - prophet_model.py:70 - Prophet model trained successfully
2026-09-21 03:44:36,998 - src.sales_forecast_system.models.prophet_model - INFO - prophet_model.py:79 - Making predictions for 29 periods...
2026-09-21 03:44:37,299 - src.sales_forecast_system.training.trainer - INFO - trainer.py:80 - Training XGBoost for Store 1, Dept 1
2026-09-21 03:44:37,306 - src.sales_forecast_system.features.engineering - INFO - engineering.py:104 - Running complete feature engineering pipeline...
2026-09-21 03:44:37,307 - src.sales_forecast_system.features.engineering - INFO - engineering.py:20 - Creating time features...
2026-09-21 03:44:37,323 - src.sales_forecast_system.features.engineering - INFO - engineering.py:38 - Creating store features...
2026-09-21 03:44:37,339 - src.sales_forecast_system.features.engineering - INFO - engineering.py:53 - Creating markdown features...
2026-09-21 03:44:37,363 - src.sales_forecast_system.features.engineering - INFO - engineering.py:71 - Creating holiday features...
2026-09-21 03:44:37,380 - src.sales_forecast_system.features.engineering - INFO - engineering.py:88 - Creating interaction features...
2026-09-21 03:44:37,388 - src.sales_forecast_system.features.engineering - INFO - engineering.py:112 - Engineered dataset shape: (143, 50)
2026-09-21 03:44:37,389 - src.sales_forecast_system.models.xgboost_model - INFO - xgboost_model.py:94 - Training XGBoost model...
2026-09-21 03:44:37,389 - src.sales_forecast_system.models.xgboost_model - INFO - xgboost_model.py:37 - Preparing data for XGBoost...
2026-09-21 03:44:37,403 - src.sales_forecast_system.models.xgboost_model - INFO - xgboost_model.py:117 - Chronological split: 91 training rows, 23 validation rows
2026-09-21 03:44:37,404 - src.sales_forecast_system.models.xgboost_model - INFO - xgboost_model.py:69 - Building XGBoost model...
2026-09-21 03:44:38,127 - src.sales_forecast_system.models.xgboost_model - INFO - xgboost_model.py:132 - XGBoost model trained successfully
2026-09-21 03:44:38,178 - src.sales_forecast_system.training.trainer - INFO - trainer.py:115 - Training LightGBM for Store 1, Dept 1
2026-09-21 03:44:38,183 - src.sales_forecast_system.features.engineering - INFO - engineering.py:104 - Running complete feature engineering pipeline...
2026-09-21 03:44:38,184 - src.sales_forecast_system.features.engineering - INFO - engineering.py:20 - Creating time features...
2026-09-21 03:44:38,198 - src.sales_forecast_system.features.engineering - INFO - engineering.py:38 - Creating store features...
2026-09-21 03:44:38,204 - src.sales_forecast_system.features.engineering - INFO - engineering.py:53 - Creating markdown features...
2026-09-21 03:44:38,228 - src.sales_forecast_system.features.engineering - INFO - engineering.py:71 - Creating holiday features...
2026-09-21 03:44:38,248 - src.sales_forecast_system.features.engineering - INFO - engineering.py:88 - Creating interaction features...
2026-09-21 03:44:38,255 - src.sales_forecast_system.features.engineering - INFO - engineering.py:112 - Engineered dataset shape: (143, 50)
2026-09-21 03:44:38,256 - src.sales_forecast_system.models.lightgbm_model - INFO - lightgbm_model.py:94 - Training LightGBM model...
2026-09-21 03:44:38,257 - src.sales_forecast_system.models.lightgbm_model - INFO - lightgbm_model.py:37 - Preparing data for LightGBM...
2026-09-21 03:44:38,272 - src.sales_forecast_system.models.lightgbm_model - INFO - lightgbm_model.py:120 - Chronological split: 91 training rows, 23 validation rows
2026-09-21 03:44:38,272 - src.sales_forecast_system.models.lightgbm_model - INFO - lightgbm_model.py:69 - Building LightGBM model...
2026-09-21 03:44:38,372 - src.sales_forecast_system.models.lightgbm_model - INFO - lightgbm_model.py:134 - LightGBM model trained successfully
2026-09-21 03:44:38,388 - src.sales_forecast_system.models.hybrid_model - INFO - hybrid_model.py:136 - Training hybrid model...
2026-09-21 03:44:38,395 - src.sales_forecast_system.models.hybrid_model - INFO - hybrid_model.py:173 - Step 1/2: Training Prophet model...
2026-09-21 03:44:38,410 - src.sales_forecast_system.models.prophet_model - INFO - prophet_model.py:64 - Training Prophet model...
2026-09-21 03:44:38,410 - src.sales_forecast_system.models.prophet_model - INFO - prophet_model.py:25 - Preparing data for Prophet...
2026-09-21 03:44:38,411 - src.sales_forecast_system.models.prophet_model - INFO - prophet_model.py:43 - Building Prophet model...
2026-09-21 03:44:38,514 - src.sales_forecast_system.models.prophet_model - INFO - prophet_model.py:70 - Prophet model trained successfully
2026-09-21 03:44:38,514 - src.sales_forecast_system.models.hybrid_model - INFO - hybrid_model.py:206 - Prophet model trained successfully.
2026-09-21 03:44:38,514 - src.sales_forecast_system.models.hybrid_model - INFO - hybrid_model.py:213 - Step 2/2: Training ML residual model...
2026-09-21 03:44:38,517 - src.sales_forecast_system.features.engineering - INFO - engineering.py:104 - Running complete feature engineering pipeline...
2026-09-21 03:44:38,517 - src.sales_forecast_system.features.engineering - INFO - engineering.py:20 - Creating time features...
2026-09-21 03:44:38,536 - src.sales_forecast_system.features.engineering - INFO - engineering.py:38 - Creating store features...
2026-09-21 03:44:38,544 - src.sales_forecast_system.features.engineering - INFO - engineering.py:53 - Creating markdown features...
2026-09-21 03:44:38,575 - src.sales_forecast_system.features.engineering - INFO - engineering.py:71 - Creating holiday features...
2026-09-21 03:44:38,591 - src.sales_forecast_system.features.engineering - INFO - engineering.py:88 - Creating interaction features...
2026-09-21 03:44:38,601 - src.sales_forecast_system.features.engineering - INFO - engineering.py:112 - Engineered dataset shape: (114, 50)
2026-09-21 03:44:38,784 - src.sales_forecast_system.models.hybrid_model - INFO - hybrid_model.py:225 - Using XGBoost for residual modelling.
2026-09-21 03:44:38,786 - src.sales_forecast_system.models.xgboost_model - INFO - xgboost_model.py:94 - Training XGBoost model...
2026-09-21 03:44:38,786 - src.sales_forecast_system.models.xgboost_model - INFO - xgboost_model.py:37 - Preparing data for XGBoost...
2026-09-21 03:44:38,798 - src.sales_forecast_system.models.xgboost_model - INFO - xgboost_model.py:117 - Chronological split: 91 training rows, 23 validation rows
2026-09-21 03:44:38,798 - src.sales_forecast_system.models.xgboost_model - INFO - xgboost_model.py:69 - Building XGBoost model...
2026-09-21 03:44:39,483 - src.sales_forecast_system.models.xgboost_model - INFO - xgboost_model.py:132 - XGBoost model trained successfully
2026-09-21 03:44:39,484 - src.sales_forecast_system.models.hybrid_model - INFO - hybrid_model.py:258 - Hybrid model trained successfully.
2026-09-21 03:44:39,484 - src.sales_forecast_system.models.hybrid_model - INFO - hybrid_model.py:321 - Making hybrid predictions for 29 periods...
2026-09-21 03:44:39,487 - src.sales_forecast_system.models.prophet_model - INFO - prophet_model.py:79 - Making predictions for 29 periods...
2026-09-21 03:44:39,688 - src.sales_forecast_system.features.engineering - INFO - engineering.py:104 - Running complete feature engineering pipeline...
2026-09-21 03:44:39,689 - src.sales_forecast_system.features.engineering - INFO - engineering.py:20 - Creating time features...
2026-09-21 03:44:39,704 - src.sales_forecast_system.features.engineering - INFO - engineering.py:38 - Creating store features...
2026-09-21 03:44:39,711 - src.sales_forecast_system.features.engineering - INFO - engineering.py:53 - Creating markdown features...
2026-09-21 03:44:39,736 - src.sales_forecast_system.features.engineering - INFO - engineering.py:71 - Creating holiday features...
2026-09-21 03:44:39,751 - src.sales_forecast_system.features.engineering - INFO - engineering.py:88 - Creating interaction features...
2026-09-21 03:44:39,757 - src.sales_forecast_system.features.engineering - INFO - engineering.py:112 - Engineered dataset shape: (29, 50)
2026-09-21 03:44:39,802 - src.sales_forecast_system.training.trainer - INFO - trainer.py:244 - Model comparison completed:
                  rmse           mae       mape      smape        r2
model                                                               
prophet    5813.729478   3745.945489  21.015689  16.973626 -1.093537
xgboost    4285.825667   2098.365392  11.645513   9.566710 -0.137732
lightgbm   4494.480187   2715.256572  15.147825  13.439594 -0.251209
hybrid    10959.768515  10268.515743  56.900171  43.060357 -6.440015
2026-09-21 03:44:39,845 - src.sales_forecast_system.pipelines.training_pipeline - INFO - training_pipeline.py:50 - Step 5: Saving models...
2026-09-21 03:44:39,846 - src.sales_forecast_system.training.trainer - INFO - trainer.py:254 - Saving models...
2026-09-21 03:44:39,867 - src.sales_forecast_system.models.prophet_model - INFO - prophet_model.py:102 - Model saved to artifacts/trained_models//prophet_model.pkl
2026-09-21 03:44:39,879 - src.sales_forecast_system.models.xgboost_model - INFO - xgboost_model.py:196 - Model saved to artifacts/trained_models//xgboost_model.pkl
2026-09-21 03:44:39,897 - src.sales_forecast_system.models.lightgbm_model - INFO - lightgbm_model.py:199 - Model saved to artifacts/trained_models//lightgbm_model.pkl
2026-09-21 03:44:39,912 - src.sales_forecast_system.models.prophet_model - INFO - prophet_model.py:102 - Model saved to artifacts/trained_models//hybrid_model.pkl/prophet_model.pkl
2026-09-21 03:44:39,926 - src.sales_forecast_system.models.xgboost_model - INFO - xgboost_model.py:196 - Model saved to artifacts/trained_models//hybrid_model.pkl/ml_model.pkl
2026-09-21 03:44:39,927 - src.sales_forecast_system.models.hybrid_model - INFO - hybrid_model.py:474 - Hybrid model saved to artifacts/trained_models//hybrid_model.pkl
2026-09-21 03:44:40,014 - src.sales_forecast_system.training.trainer - INFO - trainer.py:264 - All models saved
2026-09-21 03:44:40,014 - src.sales_forecast_system.pipelines.training_pipeline - INFO - training_pipeline.py:54 - Step 6: Logging metrics...
2026-09-21 03:44:41,274 - src.sales_forecast_system.pipelines.training_pipeline - INFO - training_pipeline.py:60 - Training pipeline completed successfully
2026-09-21 22:02:42,503 - __main__ - INFO - ingest_data.py:249 - ============================================================
2026-09-21 22:02:42,535 - __main__ - INFO - ingest_data.py:250 - STARTING DATA INGESTION PIPELINE
2026-09-21 22:02:42,535 - __main__ - INFO - ingest_data.py:251 - ============================================================
2026-09-21 22:02:42,536 - __main__ - INFO - ingest_data.py:257 - Step 1: Ingesting data...
2026-09-21 22:02:42,536 - __main__ - INFO - ingest_data.py:49 - Starting data ingestion...
2026-09-21 22:02:42,536 - src.sales_forecast_system.data.ingestion - INFO - ingestion.py:22 - Loading training data from data/raw/train.csv
2026-09-21 22:02:42,955 - src.sales_forecast_system.data.ingestion - INFO - ingestion.py:24 - Loaded 421570 rows
2026-09-21 22:02:42,956 - src.sales_forecast_system.data.ingestion - INFO - ingestion.py:33 - Loading stores data from data/raw/stores.csv
2026-09-21 22:02:43,095 - src.sales_forecast_system.data.ingestion - INFO - ingestion.py:35 - Loaded 45 rows
2026-09-21 22:02:43,095 - src.sales_forecast_system.data.ingestion - INFO - ingestion.py:44 - Loading features data from data/raw/features.csv
2026-09-21 22:02:43,134 - src.sales_forecast_system.data.ingestion - INFO - ingestion.py:46 - Loaded 8190 rows
2026-09-21 22:02:43,282 - __main__ - INFO - ingest_data.py:86 - Data ingestion completed. Loaded 429805 rows
2026-09-21 22:02:43,282 - __main__ - INFO - ingest_data.py:261 - Step 2: Validating data...
2026-09-21 22:02:43,283 - __main__ - INFO - ingest_data.py:96 - Validating ingested data...
2026-09-21 22:02:43,283 - src.sales_forecast_system.data.validation - INFO - validation.py:80 - Validating train data
2026-09-21 22:02:43,285 - src.sales_forecast_system.data.validation - WARNING - validation.py:67 - Found 1285 rows with negative sales
2026-09-21 22:02:43,287 - src.sales_forecast_system.data.validation - WARNING - validation.py:72 - Found 73 rows with zero sales
2026-09-21 22:02:43,326 - src.sales_forecast_system.data.validation - INFO - validation.py:42 - Date range: 2010-02-05 00:00:00 to 2012-10-26 00:00:00
2026-09-21 22:02:43,332 - src.sales_forecast_system.data.validation - INFO - validation.py:80 - Validating stores data
2026-09-21 22:02:43,334 - src.sales_forecast_system.data.validation - INFO - validation.py:80 - Validating features data
2026-09-21 22:02:43,355 - src.sales_forecast_system.data.validation - INFO - validation.py:42 - Date range: 2010-02-05 00:00:00 to 2013-07-26 00:00:00
2026-09-21 22:02:43,359 - src.sales_forecast_system.data.validation - WARNING - validation.py:55 - Columns with >50.0% missing values: ['MarkDown1', 'MarkDown2', 'MarkDown3', 'MarkDown4', 'MarkDown5']
2026-09-21 22:02:43,359 - src.sales_forecast_system.data.validation - INFO - validation.py:99 - All validations passed
2026-09-21 22:02:43,413 - __main__ - WARNING - ingest_data.py:121 - Found 415135 duplicate rows in train data
2026-09-21 22:02:43,427 - __main__ - INFO - ingest_data.py:273 - Step 3: Creating backup...
2026-09-21 22:02:43,428 - __main__ - INFO - ingest_data.py:172 - Creating backup of raw data...
2026-09-21 22:02:43,616 - __main__ - INFO - ingest_data.py:180 - Backed up train.csv to data/raw/backup/20260921_220243
2026-09-21 22:02:43,617 - __main__ - INFO - ingest_data.py:180 - Backed up features.csv to data/raw/backup/20260921_220243
2026-09-21 22:02:43,618 - __main__ - INFO - ingest_data.py:180 - Backed up stores.csv to data/raw/backup/20260921_220243
2026-09-21 22:02:43,618 - __main__ - INFO - ingest_data.py:277 - Step 4: Saving processed data...
2026-09-21 22:02:43,619 - __main__ - INFO - ingest_data.py:145 - Saving processed data...
2026-09-21 22:02:45,083 - __main__ - INFO - ingest_data.py:152 - Saved train data to data/processed/train_processed.csv
2026-09-21 22:02:45,644 - __main__ - INFO - ingest_data.py:157 - Saved train data to data/processed/train_processed.parquet
2026-09-21 22:02:45,646 - __main__ - INFO - ingest_data.py:152 - Saved stores data to data/processed/stores_processed.csv
2026-09-21 22:02:45,649 - __main__ - INFO - ingest_data.py:157 - Saved stores data to data/processed/stores_processed.parquet
2026-09-21 22:02:45,816 - __main__ - INFO - ingest_data.py:152 - Saved features data to data/processed/features_processed.csv
2026-09-21 22:02:45,843 - __main__ - INFO - ingest_data.py:157 - Saved features data to data/processed/features_processed.parquet
2026-09-21 22:02:45,844 - __main__ - INFO - ingest_data.py:163 - Saved ingestion report to data/processed/ingestion_report.json
2026-09-21 22:02:45,845 - __main__ - INFO - ingest_data.py:281 - Step 5: Generating summary report...
2026-09-21 22:02:45,845 - __main__ - INFO - ingest_data.py:194 - Generating summary report...
2026-09-21 22:02:45,909 - __main__ - INFO - ingest_data.py:235 - Summary report saved to data/processed/summary_report.json
2026-09-21 22:02:45,910 - __main__ - INFO - ingest_data.py:294 - ============================================================
2026-09-21 22:02:45,911 - __main__ - INFO - ingest_data.py:295 - DATA INGESTION COMPLETED SUCCESSFULLY
2026-09-21 22:02:45,911 - __main__ - INFO - ingest_data.py:296 - Duration: 3.37 seconds
2026-09-21 22:02:45,911 - __main__ - INFO - ingest_data.py:297 - ============================================================
2026-09-21 22:03:38,095 - src.sales_forecast_system.pipelines.training_pipeline - INFO - training_pipeline.py:28 - Starting training pipeline for Store 1, Dept 1
2026-09-21 22:03:44,293 - src.sales_forecast_system.pipelines.training_pipeline - INFO - training_pipeline.py:32 - Step 1: Loading data...
2026-09-21 22:03:44,294 - src.sales_forecast_system.data.ingestion - INFO - ingestion.py:22 - Loading training data from data/raw/train.csv
2026-09-21 22:03:44,798 - src.sales_forecast_system.data.ingestion - INFO - ingestion.py:24 - Loaded 421570 rows
2026-09-21 22:03:44,798 - src.sales_forecast_system.data.ingestion - INFO - ingestion.py:33 - Loading stores data from data/raw/stores.csv
2026-09-21 22:03:44,819 - src.sales_forecast_system.data.ingestion - INFO - ingestion.py:35 - Loaded 45 rows
2026-09-21 22:03:44,820 - src.sales_forecast_system.data.ingestion - INFO - ingestion.py:44 - Loading features data from data/raw/features.csv
2026-09-21 22:03:44,868 - src.sales_forecast_system.data.ingestion - INFO - ingestion.py:46 - Loaded 8190 rows
2026-09-21 22:03:44,869 - src.sales_forecast_system.pipelines.training_pipeline - INFO - training_pipeline.py:36 - Step 2: Validating data...
2026-09-21 22:03:44,869 - src.sales_forecast_system.data.validation - INFO - validation.py:80 - Validating train data
2026-09-21 22:03:44,873 - src.sales_forecast_system.data.validation - WARNING - validation.py:67 - Found 1285 rows with negative sales
2026-09-21 22:03:44,875 - src.sales_forecast_system.data.validation - WARNING - validation.py:72 - Found 73 rows with zero sales
2026-09-21 22:03:45,041 - src.sales_forecast_system.data.validation - INFO - validation.py:42 - Date range: 2010-02-05 00:00:00 to 2012-10-26 00:00:00
2026-09-21 22:03:45,048 - src.sales_forecast_system.data.validation - INFO - validation.py:80 - Validating stores data
2026-09-21 22:03:45,050 - src.sales_forecast_system.data.validation - INFO - validation.py:80 - Validating features data
2026-09-21 22:03:45,058 - src.sales_forecast_system.data.validation - INFO - validation.py:42 - Date range: 2010-02-05 00:00:00 to 2013-07-26 00:00:00
2026-09-21 22:03:45,061 - src.sales_forecast_system.data.validation - WARNING - validation.py:55 - Columns with >50.0% missing values: ['MarkDown1', 'MarkDown2', 'MarkDown3', 'MarkDown4', 'MarkDown5']
2026-09-21 22:03:45,062 - src.sales_forecast_system.data.validation - INFO - validation.py:99 - All validations passed
2026-09-21 22:03:45,062 - src.sales_forecast_system.pipelines.training_pipeline - INFO - training_pipeline.py:40 - Step 3: Preprocessing data...
2026-09-21 22:03:45,062 - src.sales_forecast_system.data.preprocessing - INFO - preprocessing.py:114 - Running complete preprocessing pipeline...
2026-09-21 22:03:45,062 - src.sales_forecast_system.data.preprocessing - INFO - preprocessing.py:26 - Merging data...
2026-09-21 22:03:45,242 - src.sales_forecast_system.data.preprocessing - INFO - preprocessing.py:47 - Merged dataset shape: (421570, 17)
2026-09-21 22:03:45,242 - src.sales_forecast_system.data.preprocessing - INFO - preprocessing.py:52 - Handling missing values...
2026-09-21 22:03:45,464 - src.sales_forecast_system.data.preprocessing - INFO - preprocessing.py:66 - Missing values after handling: 0
2026-09-21 22:03:45,464 - src.sales_forecast_system.data.preprocessing - INFO - preprocessing.py:71 - Creating date features...
2026-09-21 22:03:45,785 - src.sales_forecast_system.data.preprocessing - INFO - preprocessing.py:100 - Encoding categorical variables...
2026-09-21 22:03:46,256 - src.sales_forecast_system.data.preprocessing - INFO - preprocessing.py:107 - Encoded Type
2026-09-21 22:03:46,259 - src.sales_forecast_system.data.preprocessing - INFO - preprocessing.py:128 - Preprocessed dataset shape: (421570, 25)
2026-09-21 22:03:46,260 - src.sales_forecast_system.pipelines.training_pipeline - INFO - training_pipeline.py:46 - Step 4: Training models...
2026-09-21 22:03:46,260 - src.sales_forecast_system.training.trainer - INFO - trainer.py:150 - Training all models for Store 1, Dept 1
2026-09-21 22:03:46,260 - src.sales_forecast_system.training.trainer - INFO - trainer.py:35 - Training Prophet for Store 1, Dept 1
2026-09-21 22:03:46,275 - src.sales_forecast_system.models.prophet_model - INFO - prophet_model.py:64 - Training Prophet model...
2026-09-21 22:03:46,275 - src.sales_forecast_system.models.prophet_model - INFO - prophet_model.py:25 - Preparing data for Prophet...
2026-09-21 22:03:46,276 - src.sales_forecast_system.models.prophet_model - INFO - prophet_model.py:43 - Building Prophet model...
2026-09-21 22:03:46,841 - src.sales_forecast_system.models.prophet_model - INFO - prophet_model.py:70 - Prophet model trained successfully
2026-09-21 22:03:46,842 - src.sales_forecast_system.models.prophet_model - INFO - prophet_model.py:79 - Making predictions for 29 periods...
2026-09-21 22:03:47,067 - src.sales_forecast_system.training.trainer - INFO - trainer.py:80 - Training XGBoost for Store 1, Dept 1
2026-09-21 22:03:47,071 - src.sales_forecast_system.features.engineering - INFO - engineering.py:104 - Running complete feature engineering pipeline...
2026-09-21 22:03:47,072 - src.sales_forecast_system.features.engineering - INFO - engineering.py:20 - Creating time features...
2026-09-21 22:03:47,084 - src.sales_forecast_system.features.engineering - INFO - engineering.py:38 - Creating store features...
2026-09-21 22:03:47,093 - src.sales_forecast_system.features.engineering - INFO - engineering.py:53 - Creating markdown features...
2026-09-21 22:03:47,115 - src.sales_forecast_system.features.engineering - INFO - engineering.py:71 - Creating holiday features...
2026-09-21 22:03:47,134 - src.sales_forecast_system.features.engineering - INFO - engineering.py:88 - Creating interaction features...
2026-09-21 22:03:47,142 - src.sales_forecast_system.features.engineering - INFO - engineering.py:112 - Engineered dataset shape: (143, 50)
2026-09-21 22:03:47,143 - src.sales_forecast_system.models.xgboost_model - INFO - xgboost_model.py:94 - Training XGBoost model...
2026-09-21 22:03:47,144 - src.sales_forecast_system.models.xgboost_model - INFO - xgboost_model.py:37 - Preparing data for XGBoost...
2026-09-21 22:03:47,156 - src.sales_forecast_system.models.xgboost_model - INFO - xgboost_model.py:117 - Chronological split: 91 training rows, 23 validation rows
2026-09-21 22:03:47,157 - src.sales_forecast_system.models.xgboost_model - INFO - xgboost_model.py:69 - Building XGBoost model...
2026-09-21 22:03:48,048 - src.sales_forecast_system.models.xgboost_model - INFO - xgboost_model.py:132 - XGBoost model trained successfully
2026-09-21 22:03:48,068 - src.sales_forecast_system.training.trainer - INFO - trainer.py:115 - Training LightGBM for Store 1, Dept 1
2026-09-21 22:03:48,072 - src.sales_forecast_system.features.engineering - INFO - engineering.py:104 - Running complete feature engineering pipeline...
2026-09-21 22:03:48,073 - src.sales_forecast_system.features.engineering - INFO - engineering.py:20 - Creating time features...
2026-09-21 22:03:48,086 - src.sales_forecast_system.features.engineering - INFO - engineering.py:38 - Creating store features...
2026-09-21 22:03:48,093 - src.sales_forecast_system.features.engineering - INFO - engineering.py:53 - Creating markdown features...
2026-09-21 22:03:48,118 - src.sales_forecast_system.features.engineering - INFO - engineering.py:71 - Creating holiday features...
2026-09-21 22:03:48,133 - src.sales_forecast_system.features.engineering - INFO - engineering.py:88 - Creating interaction features...
2026-09-21 22:03:48,138 - src.sales_forecast_system.features.engineering - INFO - engineering.py:112 - Engineered dataset shape: (143, 50)
2026-09-21 22:03:48,139 - src.sales_forecast_system.models.lightgbm_model - INFO - lightgbm_model.py:94 - Training LightGBM model...
2026-09-21 22:03:48,139 - src.sales_forecast_system.models.lightgbm_model - INFO - lightgbm_model.py:37 - Preparing data for LightGBM...
2026-09-21 22:03:48,149 - src.sales_forecast_system.models.lightgbm_model - INFO - lightgbm_model.py:120 - Chronological split: 91 training rows, 23 validation rows
2026-09-21 22:03:48,149 - src.sales_forecast_system.models.lightgbm_model - INFO - lightgbm_model.py:69 - Building LightGBM model...
2026-09-21 22:03:48,445 - src.sales_forecast_system.models.lightgbm_model - INFO - lightgbm_model.py:134 - LightGBM model trained successfully
2026-09-21 22:03:48,463 - src.sales_forecast_system.models.hybrid_model - INFO - hybrid_model.py:136 - Training hybrid model...
2026-09-21 22:03:48,469 - src.sales_forecast_system.models.hybrid_model - INFO - hybrid_model.py:173 - Step 1/2: Training Prophet model...
2026-09-21 22:03:48,481 - src.sales_forecast_system.models.prophet_model - INFO - prophet_model.py:64 - Training Prophet model...
2026-09-21 22:03:48,482 - src.sales_forecast_system.models.prophet_model - INFO - prophet_model.py:25 - Preparing data for Prophet...
2026-09-21 22:03:48,482 - src.sales_forecast_system.models.prophet_model - INFO - prophet_model.py:43 - Building Prophet model...
2026-09-21 22:03:48,583 - src.sales_forecast_system.models.prophet_model - INFO - prophet_model.py:70 - Prophet model trained successfully
2026-09-21 22:03:48,584 - src.sales_forecast_system.models.hybrid_model - INFO - hybrid_model.py:206 - Prophet model trained successfully.
2026-09-21 22:03:48,584 - src.sales_forecast_system.models.hybrid_model - INFO - hybrid_model.py:213 - Step 2/2: Training ML residual model...
2026-09-21 22:03:48,586 - src.sales_forecast_system.features.engineering - INFO - engineering.py:104 - Running complete feature engineering pipeline...
2026-09-21 22:03:48,586 - src.sales_forecast_system.features.engineering - INFO - engineering.py:20 - Creating time features...
2026-09-21 22:03:48,599 - src.sales_forecast_system.features.engineering - INFO - engineering.py:38 - Creating store features...
2026-09-21 22:03:48,606 - src.sales_forecast_system.features.engineering - INFO - engineering.py:53 - Creating markdown features...
2026-09-21 22:03:48,628 - src.sales_forecast_system.features.engineering - INFO - engineering.py:71 - Creating holiday features...
2026-09-21 22:03:48,645 - src.sales_forecast_system.features.engineering - INFO - engineering.py:88 - Creating interaction features...
2026-09-21 22:03:48,650 - src.sales_forecast_system.features.engineering - INFO - engineering.py:112 - Engineered dataset shape: (114, 50)
2026-09-21 22:03:48,803 - src.sales_forecast_system.models.hybrid_model - INFO - hybrid_model.py:225 - Using XGBoost for residual modelling.
2026-09-21 22:03:48,806 - src.sales_forecast_system.models.xgboost_model - INFO - xgboost_model.py:94 - Training XGBoost model...
2026-09-21 22:03:48,806 - src.sales_forecast_system.models.xgboost_model - INFO - xgboost_model.py:37 - Preparing data for XGBoost...
2026-09-21 22:03:48,814 - src.sales_forecast_system.models.xgboost_model - INFO - xgboost_model.py:117 - Chronological split: 91 training rows, 23 validation rows
2026-09-21 22:03:48,815 - src.sales_forecast_system.models.xgboost_model - INFO - xgboost_model.py:69 - Building XGBoost model...
2026-09-21 22:03:50,220 - src.sales_forecast_system.models.xgboost_model - INFO - xgboost_model.py:132 - XGBoost model trained successfully
2026-09-21 22:03:50,221 - src.sales_forecast_system.models.hybrid_model - INFO - hybrid_model.py:258 - Hybrid model trained successfully.
2026-09-21 22:03:50,222 - src.sales_forecast_system.models.hybrid_model - INFO - hybrid_model.py:321 - Making hybrid predictions for 29 periods...
2026-09-21 22:03:50,225 - src.sales_forecast_system.models.prophet_model - INFO - prophet_model.py:79 - Making predictions for 29 periods...
2026-09-21 22:03:50,423 - src.sales_forecast_system.features.engineering - INFO - engineering.py:104 - Running complete feature engineering pipeline...
2026-09-21 22:03:50,424 - src.sales_forecast_system.features.engineering - INFO - engineering.py:20 - Creating time features...
2026-09-21 22:03:50,435 - src.sales_forecast_system.features.engineering - INFO - engineering.py:38 - Creating store features...
2026-09-21 22:03:50,442 - src.sales_forecast_system.features.engineering - INFO - engineering.py:53 - Creating markdown features...
2026-09-21 22:03:50,462 - src.sales_forecast_system.features.engineering - INFO - engineering.py:71 - Creating holiday features...
2026-09-21 22:03:50,474 - src.sales_forecast_system.features.engineering - INFO - engineering.py:88 - Creating interaction features...
2026-09-21 22:03:50,479 - src.sales_forecast_system.features.engineering - INFO - engineering.py:112 - Engineered dataset shape: (29, 50)
2026-09-21 22:03:50,514 - src.sales_forecast_system.training.trainer - INFO - trainer.py:244 - Model comparison completed:
                  rmse           mae       mape      smape        r2
model                                                               
prophet    5813.729478   3745.945489  21.015689  16.973626 -1.093537
xgboost    4285.825667   2098.365392  11.645513   9.566710 -0.137732
lightgbm   4494.480187   2715.256572  15.147825  13.439594 -0.251209
hybrid    10959.768515  10268.515743  56.900171  43.060357 -6.440015
2026-09-21 22:03:50,585 - src.sales_forecast_system.pipelines.training_pipeline - INFO - training_pipeline.py:50 - Step 5: Saving models...
2026-09-21 22:03:50,585 - src.sales_forecast_system.training.trainer - INFO - trainer.py:254 - Saving models...
2026-09-21 22:03:50,645 - src.sales_forecast_system.models.prophet_model - INFO - prophet_model.py:102 - Model saved to artifacts/trained_models//prophet_model.pkl
2026-09-21 22:03:50,701 - src.sales_forecast_system.models.xgboost_model - INFO - xgboost_model.py:196 - Model saved to artifacts/trained_models//xgboost_model.pkl
2026-09-21 22:03:50,747 - src.sales_forecast_system.models.lightgbm_model - INFO - lightgbm_model.py:199 - Model saved to artifacts/trained_models//lightgbm_model.pkl
2026-09-21 22:03:50,765 - src.sales_forecast_system.models.prophet_model - INFO - prophet_model.py:102 - Model saved to artifacts/trained_models//hybrid_model.pkl/prophet_model.pkl
2026-09-21 22:03:50,797 - src.sales_forecast_system.models.xgboost_model - INFO - xgboost_model.py:196 - Model saved to artifacts/trained_models//hybrid_model.pkl/ml_model.pkl
2026-09-21 22:03:50,798 - src.sales_forecast_system.models.hybrid_model - INFO - hybrid_model.py:474 - Hybrid model saved to artifacts/trained_models//hybrid_model.pkl
2026-09-21 22:03:50,878 - src.sales_forecast_system.training.trainer - INFO - trainer.py:264 - All models saved
2026-09-21 22:03:50,878 - src.sales_forecast_system.pipelines.training_pipeline - INFO - training_pipeline.py:54 - Step 6: Logging metrics...
2026-09-21 22:03:52,401 - src.sales_forecast_system.pipelines.training_pipeline - INFO - training_pipeline.py:60 - Training pipeline completed successfully
2026-09-21 23:12:52,173 - src.sales_forecast_system.data.ingestion - INFO - ingestion.py:22 - Loading training data from data/raw/train.csv
2026-09-21 23:12:52,609 - src.sales_forecast_system.data.ingestion - INFO - ingestion.py:24 - Loaded 421570 rows
2026-09-21 23:12:52,609 - src.sales_forecast_system.data.ingestion - INFO - ingestion.py:33 - Loading stores data from data/raw/stores.csv
2026-09-21 23:12:52,647 - src.sales_forecast_system.data.ingestion - INFO - ingestion.py:35 - Loaded 45 rows
2026-09-21 23:12:52,647 - src.sales_forecast_system.data.ingestion - INFO - ingestion.py:44 - Loading features data from data/raw/features.csv
2026-09-21 23:12:52,691 - src.sales_forecast_system.data.ingestion - INFO - ingestion.py:46 - Loaded 8190 rows
2026-09-21 23:12:52,715 - src.sales_forecast_system.data.preprocessing - INFO - preprocessing.py:114 - Running complete preprocessing pipeline...
2026-09-21 23:12:52,716 - src.sales_forecast_system.data.preprocessing - INFO - preprocessing.py:26 - Merging data...
2026-09-21 23:12:53,022 - src.sales_forecast_system.data.preprocessing - INFO - preprocessing.py:47 - Merged dataset shape: (421570, 17)
2026-09-21 23:12:53,023 - src.sales_forecast_system.data.preprocessing - INFO - preprocessing.py:52 - Handling missing values...
2026-09-21 23:12:53,152 - src.sales_forecast_system.data.preprocessing - INFO - preprocessing.py:66 - Missing values after handling: 0
2026-09-21 23:12:53,153 - src.sales_forecast_system.data.preprocessing - INFO - preprocessing.py:71 - Creating date features...
2026-09-21 23:12:53,381 - src.sales_forecast_system.data.preprocessing - INFO - preprocessing.py:100 - Encoding categorical variables...
2026-09-21 23:12:54,099 - src.sales_forecast_system.data.preprocessing - INFO - preprocessing.py:107 - Encoded Type
2026-09-21 23:12:54,100 - src.sales_forecast_system.data.preprocessing - INFO - preprocessing.py:128 - Preprocessed dataset shape: (421570, 25)
2026-09-21 23:13:59,229 - src.sales_forecast_system.data.ingestion - INFO - ingestion.py:22 - Loading training data from data/raw/train.csv
2026-09-21 23:13:59,569 - src.sales_forecast_system.data.ingestion - INFO - ingestion.py:24 - Loaded 421570 rows
2026-09-21 23:13:59,570 - src.sales_forecast_system.data.ingestion - INFO - ingestion.py:33 - Loading stores data from data/raw/stores.csv
2026-09-21 23:13:59,572 - src.sales_forecast_system.data.ingestion - INFO - ingestion.py:35 - Loaded 45 rows
2026-09-21 23:13:59,573 - src.sales_forecast_system.data.ingestion - INFO - ingestion.py:44 - Loading features data from data/raw/features.csv
2026-09-21 23:13:59,591 - src.sales_forecast_system.data.ingestion - INFO - ingestion.py:46 - Loaded 8190 rows
2026-09-21 23:13:59,614 - src.sales_forecast_system.data.preprocessing - INFO - preprocessing.py:114 - Running complete preprocessing pipeline...
2026-09-21 23:13:59,614 - src.sales_forecast_system.data.preprocessing - INFO - preprocessing.py:26 - Merging data...
2026-09-21 23:13:59,880 - src.sales_forecast_system.data.preprocessing - INFO - preprocessing.py:47 - Merged dataset shape: (421570, 17)
2026-09-21 23:13:59,880 - src.sales_forecast_system.data.preprocessing - INFO - preprocessing.py:52 - Handling missing values...
2026-09-21 23:14:00,004 - src.sales_forecast_system.data.preprocessing - INFO - preprocessing.py:66 - Missing values after handling: 0
2026-09-21 23:14:00,004 - src.sales_forecast_system.data.preprocessing - INFO - preprocessing.py:71 - Creating date features...
2026-09-21 23:14:00,230 - src.sales_forecast_system.data.preprocessing - INFO - preprocessing.py:100 - Encoding categorical variables...
2026-09-21 23:14:00,381 - src.sales_forecast_system.data.preprocessing - INFO - preprocessing.py:107 - Encoded Type
2026-09-21 23:14:00,382 - src.sales_forecast_system.data.preprocessing - INFO - preprocessing.py:128 - Preprocessed dataset shape: (421570, 25)
2026-09-21 23:14:59,885 - src.sales_forecast_system.data.ingestion - INFO - ingestion.py:22 - Loading training data from data/raw/train.csv
2026-09-21 23:15:00,227 - src.sales_forecast_system.data.ingestion - INFO - ingestion.py:24 - Loaded 421570 rows
2026-09-21 23:15:00,228 - src.sales_forecast_system.data.ingestion - INFO - ingestion.py:33 - Loading stores data from data/raw/stores.csv
2026-09-21 23:15:00,230 - src.sales_forecast_system.data.ingestion - INFO - ingestion.py:35 - Loaded 45 rows
2026-09-21 23:15:00,230 - src.sales_forecast_system.data.ingestion - INFO - ingestion.py:44 - Loading features data from data/raw/features.csv
2026-09-21 23:15:00,250 - src.sales_forecast_system.data.ingestion - INFO - ingestion.py:46 - Loaded 8190 rows
2026-09-21 23:15:00,268 - src.sales_forecast_system.data.preprocessing - INFO - preprocessing.py:114 - Running complete preprocessing pipeline...
2026-09-21 23:15:00,268 - src.sales_forecast_system.data.preprocessing - INFO - preprocessing.py:26 - Merging data...
2026-09-21 23:15:00,531 - src.sales_forecast_system.data.preprocessing - INFO - preprocessing.py:47 - Merged dataset shape: (421570, 17)
2026-09-21 23:15:00,531 - src.sales_forecast_system.data.preprocessing - INFO - preprocessing.py:52 - Handling missing values...
2026-09-21 23:15:00,657 - src.sales_forecast_system.data.preprocessing - INFO - preprocessing.py:66 - Missing values after handling: 0
2026-09-21 23:15:00,657 - src.sales_forecast_system.data.preprocessing - INFO - preprocessing.py:71 - Creating date features...
2026-09-21 23:15:00,890 - src.sales_forecast_system.data.preprocessing - INFO - preprocessing.py:100 - Encoding categorical variables...
2026-09-21 23:15:01,063 - src.sales_forecast_system.data.preprocessing - INFO - preprocessing.py:107 - Encoded Type
2026-09-21 23:15:01,064 - src.sales_forecast_system.data.preprocessing - INFO - preprocessing.py:128 - Preprocessed dataset shape: (421570, 25)
2026-09-21 23:15:01,094 - src.sales_forecast_system.features.engineering - INFO - engineering.py:119 - Running complete feature engineering pipeline...
2026-09-21 23:15:01,094 - src.sales_forecast_system.features.engineering - INFO - engineering.py:20 - Creating time features...
2026-09-21 23:15:01,107 - src.sales_forecast_system.features.engineering - INFO - engineering.py:38 - Creating store features...
2026-09-21 23:15:01,112 - src.sales_forecast_system.features.engineering - INFO - engineering.py:52 - Creating markdown features...
2026-09-21 23:15:01,139 - src.sales_forecast_system.features.engineering - INFO - engineering.py:70 - Creating holiday features...
2026-09-21 23:15:01,152 - src.sales_forecast_system.features.engineering - INFO - engineering.py:103 - Creating interaction features...
2026-09-21 23:15:01,157 - src.sales_forecast_system.features.engineering - INFO - engineering.py:127 - Engineered dataset shape: (143, 46)
2026-09-21 23:52:22,511 - src.sales_forecast_system.features.engineering - INFO - engineering.py:282 - Running complete feature engineering pipeline...
2026-09-21 23:52:22,512 - src.sales_forecast_system.features.engineering - INFO - engineering.py:52 - Creating time features...
2026-09-21 23:52:22,513 - src.sales_forecast_system.features.engineering - INFO - engineering.py:87 - Creating store features...
2026-09-21 23:52:22,513 - src.sales_forecast_system.features.engineering - INFO - engineering.py:101 - Creating markdown features...
2026-09-21 23:52:22,514 - src.sales_forecast_system.features.engineering - INFO - engineering.py:141 - Creating holiday features...
2026-09-21 23:52:22,525 - src.sales_forecast_system.features.engineering - INFO - engineering.py:182 - Creating interaction features...
2026-09-21 23:52:22,527 - src.sales_forecast_system.features.engineering - INFO - engineering.py:223 - Creating target-history features...
2026-09-21 23:52:22,527 - src.sales_forecast_system.features.lag_features - INFO - lag_features.py:40 - Creating lag features: [1, 2, 3, 4, 8, 12, 26, 52]
2026-09-21 23:52:22,557 - src.sales_forecast_system.features.rolling_features - INFO - rolling_features.py:54 - Creating rolling features with windows: [4, 8, 12, 26, 52]
2026-09-21 23:52:22,746 - src.sales_forecast_system.features.engineering - INFO - engineering.py:255 - Created 33 lag/rolling target-history features.
2026-09-21 23:52:22,747 - src.sales_forecast_system.features.engineering - INFO - engineering.py:293 - Engineered dataset shape: (143, 43)
2026-09-21 23:59:30,299 - src.sales_forecast_system.features.engineering - INFO - engineering.py:282 - Running complete feature engineering pipeline...
2026-09-21 23:59:30,300 - src.sales_forecast_system.features.engineering - INFO - engineering.py:52 - Creating time features...
2026-09-21 23:59:30,300 - src.sales_forecast_system.features.engineering - INFO - engineering.py:87 - Creating store features...
2026-09-21 23:59:30,301 - src.sales_forecast_system.features.engineering - INFO - engineering.py:101 - Creating markdown features...
2026-09-21 23:59:30,301 - src.sales_forecast_system.features.engineering - INFO - engineering.py:141 - Creating holiday features...
2026-09-21 23:59:30,310 - src.sales_forecast_system.features.engineering - INFO - engineering.py:182 - Creating interaction features...
2026-09-21 23:59:30,312 - src.sales_forecast_system.features.engineering - INFO - engineering.py:223 - Creating target-history features...
2026-09-21 23:59:30,312 - src.sales_forecast_system.features.lag_features - INFO - lag_features.py:40 - Creating lag features: [1, 2, 3, 4, 8, 12, 26, 52]
2026-09-21 23:59:30,343 - src.sales_forecast_system.features.rolling_features - INFO - rolling_features.py:54 - Creating rolling features with windows: [4, 8, 12, 26, 52]
2026-09-21 23:59:30,526 - src.sales_forecast_system.features.engineering - INFO - engineering.py:255 - Created 33 lag/rolling target-history features.
2026-09-21 23:59:30,527 - src.sales_forecast_system.features.engineering - INFO - engineering.py:293 - Engineered dataset shape: (114, 43)
2026-09-21 23:59:30,536 - src.sales_forecast_system.models.xgboost_model - INFO - xgboost_model.py:94 - Training XGBoost model...
2026-09-21 23:59:30,536 - src.sales_forecast_system.models.xgboost_model - INFO - xgboost_model.py:37 - Preparing data for XGBoost...
2026-09-21 23:59:30,546 - src.sales_forecast_system.models.xgboost_model - INFO - xgboost_model.py:105 - Training XGBoost on 62 rows and 38 features
2026-09-21 23:59:30,546 - src.sales_forecast_system.models.xgboost_model - INFO - xgboost_model.py:69 - Building XGBoost model...
2026-09-21 23:59:30,982 - src.sales_forecast_system.models.xgboost_model - INFO - xgboost_model.py:118 - XGBoost model trained successfully
2026-09-21 23:59:30,982 - src.sales_forecast_system.training.trainer - INFO - trainer.py:91 - Starting recursive forecasting for 29 future periods.
2026-09-21 23:59:30,987 - src.sales_forecast_system.features.engineering - INFO - engineering.py:282 - Running complete feature engineering pipeline...
2026-09-21 23:59:30,988 - src.sales_forecast_system.features.engineering - INFO - engineering.py:52 - Creating time features...
2026-09-21 23:59:30,989 - src.sales_forecast_system.features.engineering - INFO - engineering.py:87 - Creating store features...
2026-09-21 23:59:30,989 - src.sales_forecast_system.features.engineering - INFO - engineering.py:101 - Creating markdown features...
2026-09-21 23:59:30,990 - src.sales_forecast_system.features.engineering - INFO - engineering.py:141 - Creating holiday features...
2026-09-21 23:59:31,001 - src.sales_forecast_system.features.engineering - INFO - engineering.py:182 - Creating interaction features...
2026-09-21 23:59:31,002 - src.sales_forecast_system.features.engineering - INFO - engineering.py:223 - Creating target-history features...
2026-09-21 23:59:31,002 - src.sales_forecast_system.features.lag_features - INFO - lag_features.py:40 - Creating lag features: [1, 2, 3, 4, 8, 12, 26, 52]
2026-09-21 23:59:31,031 - src.sales_forecast_system.features.rolling_features - INFO - rolling_features.py:54 - Creating rolling features with windows: [4, 8, 12, 26, 52]
2026-09-21 23:59:31,153 - src.sales_forecast_system.features.engineering - INFO - engineering.py:255 - Created 33 lag/rolling target-history features.
2026-09-21 23:59:31,153 - src.sales_forecast_system.features.engineering - INFO - engineering.py:293 - Engineered dataset shape: (115, 43)
2026-09-21 23:59:31,185 - src.sales_forecast_system.features.engineering - INFO - engineering.py:282 - Running complete feature engineering pipeline...
2026-09-21 23:59:31,185 - src.sales_forecast_system.features.engineering - INFO - engineering.py:52 - Creating time features...
2026-09-21 23:59:31,186 - src.sales_forecast_system.features.engineering - INFO - engineering.py:87 - Creating store features...
2026-09-21 23:59:31,186 - src.sales_forecast_system.features.engineering - INFO - engineering.py:101 - Creating markdown features...
2026-09-21 23:59:31,187 - src.sales_forecast_system.features.engineering - INFO - engineering.py:141 - Creating holiday features...
2026-09-21 23:59:31,197 - src.sales_forecast_system.features.engineering - INFO - engineering.py:182 - Creating interaction features...
2026-09-21 23:59:31,198 - src.sales_forecast_system.features.engineering - INFO - engineering.py:223 - Creating target-history features...
2026-09-21 23:59:31,198 - src.sales_forecast_system.features.lag_features - INFO - lag_features.py:40 - Creating lag features: [1, 2, 3, 4, 8, 12, 26, 52]
2026-09-21 23:59:31,224 - src.sales_forecast_system.features.rolling_features - INFO - rolling_features.py:54 - Creating rolling features with windows: [4, 8, 12, 26, 52]
2026-09-21 23:59:31,358 - src.sales_forecast_system.features.engineering - INFO - engineering.py:255 - Created 33 lag/rolling target-history features.
2026-09-21 23:59:31,359 - src.sales_forecast_system.features.engineering - INFO - engineering.py:293 - Engineered dataset shape: (116, 43)
2026-09-21 23:59:31,388 - src.sales_forecast_system.features.engineering - INFO - engineering.py:282 - Running complete feature engineering pipeline...
2026-09-21 23:59:31,388 - src.sales_forecast_system.features.engineering - INFO - engineering.py:52 - Creating time features...
2026-09-21 23:59:31,389 - src.sales_forecast_system.features.engineering - INFO - engineering.py:87 - Creating store features...
2026-09-21 23:59:31,389 - src.sales_forecast_system.features.engineering - INFO - engineering.py:101 - Creating markdown features...
2026-09-21 23:59:31,389 - src.sales_forecast_system.features.engineering - INFO - engineering.py:141 - Creating holiday features...
2026-09-21 23:59:31,400 - src.sales_forecast_system.features.engineering - INFO - engineering.py:182 - Creating interaction features...
2026-09-21 23:59:31,401 - src.sales_forecast_system.features.engineering - INFO - engineering.py:223 - Creating target-history features...
2026-09-21 23:59:31,401 - src.sales_forecast_system.features.lag_features - INFO - lag_features.py:40 - Creating lag features: [1, 2, 3, 4, 8, 12, 26, 52]
2026-09-21 23:59:31,422 - src.sales_forecast_system.features.rolling_features - INFO - rolling_features.py:54 - Creating rolling features with windows: [4, 8, 12, 26, 52]
2026-09-21 23:59:31,555 - src.sales_forecast_system.features.engineering - INFO - engineering.py:255 - Created 33 lag/rolling target-history features.
2026-09-21 23:59:31,555 - src.sales_forecast_system.features.engineering - INFO - engineering.py:293 - Engineered dataset shape: (117, 43)
2026-09-21 23:59:31,584 - src.sales_forecast_system.features.engineering - INFO - engineering.py:282 - Running complete feature engineering pipeline...
2026-09-21 23:59:31,585 - src.sales_forecast_system.features.engineering - INFO - engineering.py:52 - Creating time features...
2026-09-21 23:59:31,585 - src.sales_forecast_system.features.engineering - INFO - engineering.py:87 - Creating store features...
2026-09-21 23:59:31,586 - src.sales_forecast_system.features.engineering - INFO - engineering.py:101 - Creating markdown features...
2026-09-21 23:59:31,586 - src.sales_forecast_system.features.engineering - INFO - engineering.py:141 - Creating holiday features...
2026-09-21 23:59:31,597 - src.sales_forecast_system.features.engineering - INFO - engineering.py:182 - Creating interaction features...
2026-09-21 23:59:31,598 - src.sales_forecast_system.features.engineering - INFO - engineering.py:223 - Creating target-history features...
2026-09-21 23:59:31,599 - src.sales_forecast_system.features.lag_features - INFO - lag_features.py:40 - Creating lag features: [1, 2, 3, 4, 8, 12, 26, 52]
2026-09-21 23:59:31,632 - src.sales_forecast_system.features.rolling_features - INFO - rolling_features.py:54 - Creating rolling features with windows: [4, 8, 12, 26, 52]
2026-09-21 23:59:31,753 - src.sales_forecast_system.features.engineering - INFO - engineering.py:255 - Created 33 lag/rolling target-history features.
2026-09-21 23:59:31,753 - src.sales_forecast_system.features.engineering - INFO - engineering.py:293 - Engineered dataset shape: (118, 43)
2026-09-21 23:59:31,783 - src.sales_forecast_system.features.engineering - INFO - engineering.py:282 - Running complete feature engineering pipeline...
2026-09-21 23:59:31,783 - src.sales_forecast_system.features.engineering - INFO - engineering.py:52 - Creating time features...
2026-09-21 23:59:31,784 - src.sales_forecast_system.features.engineering - INFO - engineering.py:87 - Creating store features...
2026-09-21 23:59:31,784 - src.sales_forecast_system.features.engineering - INFO - engineering.py:101 - Creating markdown features...
2026-09-21 23:59:31,785 - src.sales_forecast_system.features.engineering - INFO - engineering.py:141 - Creating holiday features...
2026-09-21 23:59:31,793 - src.sales_forecast_system.features.engineering - INFO - engineering.py:182 - Creating interaction features...
2026-09-21 23:59:31,795 - src.sales_forecast_system.features.engineering - INFO - engineering.py:223 - Creating target-history features...
2026-09-21 23:59:31,795 - src.sales_forecast_system.features.lag_features - INFO - lag_features.py:40 - Creating lag features: [1, 2, 3, 4, 8, 12, 26, 52]
2026-09-21 23:59:31,820 - src.sales_forecast_system.features.rolling_features - INFO - rolling_features.py:54 - Creating rolling features with windows: [4, 8, 12, 26, 52]
2026-09-21 23:59:31,943 - src.sales_forecast_system.features.engineering - INFO - engineering.py:255 - Created 33 lag/rolling target-history features.
2026-09-21 23:59:31,943 - src.sales_forecast_system.features.engineering - INFO - engineering.py:293 - Engineered dataset shape: (119, 43)
2026-09-21 23:59:31,971 - src.sales_forecast_system.features.engineering - INFO - engineering.py:282 - Running complete feature engineering pipeline...
2026-09-21 23:59:31,971 - src.sales_forecast_system.features.engineering - INFO - engineering.py:52 - Creating time features...
2026-09-21 23:59:31,971 - src.sales_forecast_system.features.engineering - INFO - engineering.py:87 - Creating store features...
2026-09-21 23:59:31,972 - src.sales_forecast_system.features.engineering - INFO - engineering.py:101 - Creating markdown features...
2026-09-21 23:59:31,972 - src.sales_forecast_system.features.engineering - INFO - engineering.py:141 - Creating holiday features...
2026-09-21 23:59:31,983 - src.sales_forecast_system.features.engineering - INFO - engineering.py:182 - Creating interaction features...
2026-09-21 23:59:31,984 - src.sales_forecast_system.features.engineering - INFO - engineering.py:223 - Creating target-history features...
2026-09-21 23:59:31,985 - src.sales_forecast_system.features.lag_features - INFO - lag_features.py:40 - Creating lag features: [1, 2, 3, 4, 8, 12, 26, 52]
2026-09-21 23:59:32,012 - src.sales_forecast_system.features.rolling_features - INFO - rolling_features.py:54 - Creating rolling features with windows: [4, 8, 12, 26, 52]
2026-09-21 23:59:32,145 - src.sales_forecast_system.features.engineering - INFO - engineering.py:255 - Created 33 lag/rolling target-history features.
2026-09-21 23:59:32,145 - src.sales_forecast_system.features.engineering - INFO - engineering.py:293 - Engineered dataset shape: (120, 43)
2026-09-21 23:59:32,171 - src.sales_forecast_system.features.engineering - INFO - engineering.py:282 - Running complete feature engineering pipeline...
2026-09-21 23:59:32,171 - src.sales_forecast_system.features.engineering - INFO - engineering.py:52 - Creating time features...
2026-09-21 23:59:32,172 - src.sales_forecast_system.features.engineering - INFO - engineering.py:87 - Creating store features...
2026-09-21 23:59:32,173 - src.sales_forecast_system.features.engineering - INFO - engineering.py:101 - Creating markdown features...
2026-09-21 23:59:32,173 - src.sales_forecast_system.features.engineering - INFO - engineering.py:141 - Creating holiday features...
2026-09-21 23:59:32,184 - src.sales_forecast_system.features.engineering - INFO - engineering.py:182 - Creating interaction features...
2026-09-21 23:59:32,186 - src.sales_forecast_system.features.engineering - INFO - engineering.py:223 - Creating target-history features...
2026-09-21 23:59:32,187 - src.sales_forecast_system.features.lag_features - INFO - lag_features.py:40 - Creating lag features: [1, 2, 3, 4, 8, 12, 26, 52]
2026-09-21 23:59:32,216 - src.sales_forecast_system.features.rolling_features - INFO - rolling_features.py:54 - Creating rolling features with windows: [4, 8, 12, 26, 52]
2026-09-21 23:59:32,337 - src.sales_forecast_system.features.engineering - INFO - engineering.py:255 - Created 33 lag/rolling target-history features.
2026-09-21 23:59:32,337 - src.sales_forecast_system.features.engineering - INFO - engineering.py:293 - Engineered dataset shape: (121, 43)
2026-09-21 23:59:32,363 - src.sales_forecast_system.features.engineering - INFO - engineering.py:282 - Running complete feature engineering pipeline...
2026-09-21 23:59:32,363 - src.sales_forecast_system.features.engineering - INFO - engineering.py:52 - Creating time features...
2026-09-21 23:59:32,364 - src.sales_forecast_system.features.engineering - INFO - engineering.py:87 - Creating store features...
2026-09-21 23:59:32,364 - src.sales_forecast_system.features.engineering - INFO - engineering.py:101 - Creating markdown features...
2026-09-21 23:59:32,365 - src.sales_forecast_system.features.engineering - INFO - engineering.py:141 - Creating holiday features...
2026-09-21 23:59:32,377 - src.sales_forecast_system.features.engineering - INFO - engineering.py:182 - Creating interaction features...
2026-09-21 23:59:32,378 - src.sales_forecast_system.features.engineering - INFO - engineering.py:223 - Creating target-history features...
2026-09-21 23:59:32,378 - src.sales_forecast_system.features.lag_features - INFO - lag_features.py:40 - Creating lag features: [1, 2, 3, 4, 8, 12, 26, 52]
2026-09-21 23:59:32,405 - src.sales_forecast_system.features.rolling_features - INFO - rolling_features.py:54 - Creating rolling features with windows: [4, 8, 12, 26, 52]
2026-09-21 23:59:32,527 - src.sales_forecast_system.features.engineering - INFO - engineering.py:255 - Created 33 lag/rolling target-history features.
2026-09-21 23:59:32,527 - src.sales_forecast_system.features.engineering - INFO - engineering.py:293 - Engineered dataset shape: (122, 43)
2026-09-21 23:59:32,551 - src.sales_forecast_system.features.engineering - INFO - engineering.py:282 - Running complete feature engineering pipeline...
2026-09-21 23:59:32,552 - src.sales_forecast_system.features.engineering - INFO - engineering.py:52 - Creating time features...
2026-09-21 23:59:32,552 - src.sales_forecast_system.features.engineering - INFO - engineering.py:87 - Creating store features...
2026-09-21 23:59:32,552 - src.sales_forecast_system.features.engineering - INFO - engineering.py:101 - Creating markdown features...
2026-09-21 23:59:32,553 - src.sales_forecast_system.features.engineering - INFO - engineering.py:141 - Creating holiday features...
2026-09-21 23:59:32,562 - src.sales_forecast_system.features.engineering - INFO - engineering.py:182 - Creating interaction features...
2026-09-21 23:59:32,563 - src.sales_forecast_system.features.engineering - INFO - engineering.py:223 - Creating target-history features...
2026-09-21 23:59:32,563 - src.sales_forecast_system.features.lag_features - INFO - lag_features.py:40 - Creating lag features: [1, 2, 3, 4, 8, 12, 26, 52]
2026-09-21 23:59:32,589 - src.sales_forecast_system.features.rolling_features - INFO - rolling_features.py:54 - Creating rolling features with windows: [4, 8, 12, 26, 52]
2026-09-21 23:59:32,715 - src.sales_forecast_system.features.engineering - INFO - engineering.py:255 - Created 33 lag/rolling target-history features.
2026-09-21 23:59:32,715 - src.sales_forecast_system.features.engineering - INFO - engineering.py:293 - Engineered dataset shape: (123, 43)
2026-09-21 23:59:32,734 - src.sales_forecast_system.features.engineering - INFO - engineering.py:282 - Running complete feature engineering pipeline...
2026-09-21 23:59:32,734 - src.sales_forecast_system.features.engineering - INFO - engineering.py:52 - Creating time features...
2026-09-21 23:59:32,735 - src.sales_forecast_system.features.engineering - INFO - engineering.py:87 - Creating store features...
2026-09-21 23:59:32,735 - src.sales_forecast_system.features.engineering - INFO - engineering.py:101 - Creating markdown features...
2026-09-21 23:59:32,736 - src.sales_forecast_system.features.engineering - INFO - engineering.py:141 - Creating holiday features...
2026-09-21 23:59:32,747 - src.sales_forecast_system.features.engineering - INFO - engineering.py:182 - Creating interaction features...
2026-09-21 23:59:32,749 - src.sales_forecast_system.features.engineering - INFO - engineering.py:223 - Creating target-history features...
2026-09-21 23:59:32,750 - src.sales_forecast_system.features.lag_features - INFO - lag_features.py:40 - Creating lag features: [1, 2, 3, 4, 8, 12, 26, 52]
2026-09-21 23:59:32,775 - src.sales_forecast_system.features.rolling_features - INFO - rolling_features.py:54 - Creating rolling features with windows: [4, 8, 12, 26, 52]
2026-09-21 23:59:32,914 - src.sales_forecast_system.features.engineering - INFO - engineering.py:255 - Created 33 lag/rolling target-history features.
2026-09-21 23:59:32,915 - src.sales_forecast_system.features.engineering - INFO - engineering.py:293 - Engineered dataset shape: (124, 43)
2026-09-21 23:59:32,941 - src.sales_forecast_system.features.engineering - INFO - engineering.py:282 - Running complete feature engineering pipeline...
2026-09-21 23:59:32,941 - src.sales_forecast_system.features.engineering - INFO - engineering.py:52 - Creating time features...
2026-09-21 23:59:32,942 - src.sales_forecast_system.features.engineering - INFO - engineering.py:87 - Creating store features...
2026-09-21 23:59:32,942 - src.sales_forecast_system.features.engineering - INFO - engineering.py:101 - Creating markdown features...
2026-09-21 23:59:32,943 - src.sales_forecast_system.features.engineering - INFO - engineering.py:141 - Creating holiday features...
2026-09-21 23:59:32,953 - src.sales_forecast_system.features.engineering - INFO - engineering.py:182 - Creating interaction features...
2026-09-21 23:59:32,954 - src.sales_forecast_system.features.engineering - INFO - engineering.py:223 - Creating target-history features...
2026-09-21 23:59:32,955 - src.sales_forecast_system.features.lag_features - INFO - lag_features.py:40 - Creating lag features: [1, 2, 3, 4, 8, 12, 26, 52]
2026-09-21 23:59:32,988 - src.sales_forecast_system.features.rolling_features - INFO - rolling_features.py:54 - Creating rolling features with windows: [4, 8, 12, 26, 52]
2026-09-21 23:59:33,158 - src.sales_forecast_system.features.engineering - INFO - engineering.py:255 - Created 33 lag/rolling target-history features.
2026-09-21 23:59:33,159 - src.sales_forecast_system.features.engineering - INFO - engineering.py:293 - Engineered dataset shape: (125, 43)
2026-09-21 23:59:33,191 - src.sales_forecast_system.features.engineering - INFO - engineering.py:282 - Running complete feature engineering pipeline...
2026-09-21 23:59:33,191 - src.sales_forecast_system.features.engineering - INFO - engineering.py:52 - Creating time features...
2026-09-21 23:59:33,192 - src.sales_forecast_system.features.engineering - INFO - engineering.py:87 - Creating store features...
2026-09-21 23:59:33,193 - src.sales_forecast_system.features.engineering - INFO - engineering.py:101 - Creating markdown features...
2026-09-21 23:59:33,193 - src.sales_forecast_system.features.engineering - INFO - engineering.py:141 - Creating holiday features...
2026-09-21 23:59:33,202 - src.sales_forecast_system.features.engineering - INFO - engineering.py:182 - Creating interaction features...
2026-09-21 23:59:33,202 - src.sales_forecast_system.features.engineering - INFO - engineering.py:223 - Creating target-history features...
2026-09-21 23:59:33,203 - src.sales_forecast_system.features.lag_features - INFO - lag_features.py:40 - Creating lag features: [1, 2, 3, 4, 8, 12, 26, 52]
2026-09-21 23:59:33,233 - src.sales_forecast_system.features.rolling_features - INFO - rolling_features.py:54 - Creating rolling features with windows: [4, 8, 12, 26, 52]
2026-09-21 23:59:33,363 - src.sales_forecast_system.features.engineering - INFO - engineering.py:255 - Created 33 lag/rolling target-history features.
2026-09-21 23:59:33,363 - src.sales_forecast_system.features.engineering - INFO - engineering.py:293 - Engineered dataset shape: (126, 43)
2026-09-21 23:59:33,395 - src.sales_forecast_system.features.engineering - INFO - engineering.py:282 - Running complete feature engineering pipeline...
2026-09-21 23:59:33,395 - src.sales_forecast_system.features.engineering - INFO - engineering.py:52 - Creating time features...
2026-09-21 23:59:33,396 - src.sales_forecast_system.features.engineering - INFO - engineering.py:87 - Creating store features...
2026-09-21 23:59:33,398 - src.sales_forecast_system.features.engineering - INFO - engineering.py:101 - Creating markdown features...
2026-09-21 23:59:33,398 - src.sales_forecast_system.features.engineering - INFO - engineering.py:141 - Creating holiday features...
2026-09-21 23:59:33,409 - src.sales_forecast_system.features.engineering - INFO - engineering.py:182 - Creating interaction features...
2026-09-21 23:59:33,412 - src.sales_forecast_system.features.engineering - INFO - engineering.py:223 - Creating target-history features...
2026-09-21 23:59:33,413 - src.sales_forecast_system.features.lag_features - INFO - lag_features.py:40 - Creating lag features: [1, 2, 3, 4, 8, 12, 26, 52]
2026-09-21 23:59:33,461 - src.sales_forecast_system.features.rolling_features - INFO - rolling_features.py:54 - Creating rolling features with windows: [4, 8, 12, 26, 52]
2026-09-21 23:59:33,732 - src.sales_forecast_system.features.engineering - INFO - engineering.py:255 - Created 33 lag/rolling target-history features.
2026-09-21 23:59:33,732 - src.sales_forecast_system.features.engineering - INFO - engineering.py:293 - Engineered dataset shape: (127, 43)
2026-09-21 23:59:33,758 - src.sales_forecast_system.features.engineering - INFO - engineering.py:282 - Running complete feature engineering pipeline...
2026-09-21 23:59:33,759 - src.sales_forecast_system.features.engineering - INFO - engineering.py:52 - Creating time features...
2026-09-21 23:59:33,759 - src.sales_forecast_system.features.engineering - INFO - engineering.py:87 - Creating store features...
2026-09-21 23:59:33,760 - src.sales_forecast_system.features.engineering - INFO - engineering.py:101 - Creating markdown features...
2026-09-21 23:59:33,761 - src.sales_forecast_system.features.engineering - INFO - engineering.py:141 - Creating holiday features...
2026-09-21 23:59:33,770 - src.sales_forecast_system.features.engineering - INFO - engineering.py:182 - Creating interaction features...
2026-09-21 23:59:33,772 - src.sales_forecast_system.features.engineering - INFO - engineering.py:223 - Creating target-history features...
2026-09-21 23:59:33,772 - src.sales_forecast_system.features.lag_features - INFO - lag_features.py:40 - Creating lag features: [1, 2, 3, 4, 8, 12, 26, 52]
2026-09-21 23:59:33,803 - src.sales_forecast_system.features.rolling_features - INFO - rolling_features.py:54 - Creating rolling features with windows: [4, 8, 12, 26, 52]
2026-09-21 23:59:33,926 - src.sales_forecast_system.features.engineering - INFO - engineering.py:255 - Created 33 lag/rolling target-history features.
2026-09-21 23:59:33,927 - src.sales_forecast_system.features.engineering - INFO - engineering.py:293 - Engineered dataset shape: (128, 43)
2026-09-21 23:59:33,957 - src.sales_forecast_system.features.engineering - INFO - engineering.py:282 - Running complete feature engineering pipeline...
2026-09-21 23:59:33,957 - src.sales_forecast_system.features.engineering - INFO - engineering.py:52 - Creating time features...
2026-09-21 23:59:33,958 - src.sales_forecast_system.features.engineering - INFO - engineering.py:87 - Creating store features...
2026-09-21 23:59:33,958 - src.sales_forecast_system.features.engineering - INFO - engineering.py:101 - Creating markdown features...
2026-09-21 23:59:33,959 - src.sales_forecast_system.features.engineering - INFO - engineering.py:141 - Creating holiday features...
2026-09-21 23:59:33,969 - src.sales_forecast_system.features.engineering - INFO - engineering.py:182 - Creating interaction features...
2026-09-21 23:59:33,971 - src.sales_forecast_system.features.engineering - INFO - engineering.py:223 - Creating target-history features...
2026-09-21 23:59:33,971 - src.sales_forecast_system.features.lag_features - INFO - lag_features.py:40 - Creating lag features: [1, 2, 3, 4, 8, 12, 26, 52]
2026-09-21 23:59:34,004 - src.sales_forecast_system.features.rolling_features - INFO - rolling_features.py:54 - Creating rolling features with windows: [4, 8, 12, 26, 52]
2026-09-21 23:59:34,126 - src.sales_forecast_system.features.engineering - INFO - engineering.py:255 - Created 33 lag/rolling target-history features.
2026-09-21 23:59:34,127 - src.sales_forecast_system.features.engineering - INFO - engineering.py:293 - Engineered dataset shape: (129, 43)
2026-09-21 23:59:34,150 - src.sales_forecast_system.features.engineering - INFO - engineering.py:282 - Running complete feature engineering pipeline...
2026-09-21 23:59:34,150 - src.sales_forecast_system.features.engineering - INFO - engineering.py:52 - Creating time features...
2026-09-21 23:59:34,151 - src.sales_forecast_system.features.engineering - INFO - engineering.py:87 - Creating store features...
2026-09-21 23:59:34,151 - src.sales_forecast_system.features.engineering - INFO - engineering.py:101 - Creating markdown features...
2026-09-21 23:59:34,152 - src.sales_forecast_system.features.engineering - INFO - engineering.py:141 - Creating holiday features...
2026-09-21 23:59:34,163 - src.sales_forecast_system.features.engineering - INFO - engineering.py:182 - Creating interaction features...
2026-09-21 23:59:34,164 - src.sales_forecast_system.features.engineering - INFO - engineering.py:223 - Creating target-history features...
2026-09-21 23:59:34,165 - src.sales_forecast_system.features.lag_features - INFO - lag_features.py:40 - Creating lag features: [1, 2, 3, 4, 8, 12, 26, 52]
2026-09-21 23:59:34,187 - src.sales_forecast_system.features.rolling_features - INFO - rolling_features.py:54 - Creating rolling features with windows: [4, 8, 12, 26, 52]
2026-09-21 23:59:34,313 - src.sales_forecast_system.features.engineering - INFO - engineering.py:255 - Created 33 lag/rolling target-history features.
2026-09-21 23:59:34,313 - src.sales_forecast_system.features.engineering - INFO - engineering.py:293 - Engineered dataset shape: (130, 43)
2026-09-21 23:59:34,342 - src.sales_forecast_system.features.engineering - INFO - engineering.py:282 - Running complete feature engineering pipeline...
2026-09-21 23:59:34,342 - src.sales_forecast_system.features.engineering - INFO - engineering.py:52 - Creating time features...
2026-09-21 23:59:34,343 - src.sales_forecast_system.features.engineering - INFO - engineering.py:87 - Creating store features...
2026-09-21 23:59:34,344 - src.sales_forecast_system.features.engineering - INFO - engineering.py:101 - Creating markdown features...
2026-09-21 23:59:34,345 - src.sales_forecast_system.features.engineering - INFO - engineering.py:141 - Creating holiday features...
2026-09-21 23:59:34,353 - src.sales_forecast_system.features.engineering - INFO - engineering.py:182 - Creating interaction features...
2026-09-21 23:59:34,354 - src.sales_forecast_system.features.engineering - INFO - engineering.py:223 - Creating target-history features...
2026-09-21 23:59:34,354 - src.sales_forecast_system.features.lag_features - INFO - lag_features.py:40 - Creating lag features: [1, 2, 3, 4, 8, 12, 26, 52]
2026-09-21 23:59:34,387 - src.sales_forecast_system.features.rolling_features - INFO - rolling_features.py:54 - Creating rolling features with windows: [4, 8, 12, 26, 52]
2026-09-21 23:59:34,585 - src.sales_forecast_system.features.engineering - INFO - engineering.py:255 - Created 33 lag/rolling target-history features.
2026-09-21 23:59:34,585 - src.sales_forecast_system.features.engineering - INFO - engineering.py:293 - Engineered dataset shape: (131, 43)
2026-09-21 23:59:34,619 - src.sales_forecast_system.features.engineering - INFO - engineering.py:282 - Running complete feature engineering pipeline...
2026-09-21 23:59:34,619 - src.sales_forecast_system.features.engineering - INFO - engineering.py:52 - Creating time features...
2026-09-21 23:59:34,620 - src.sales_forecast_system.features.engineering - INFO - engineering.py:87 - Creating store features...
2026-09-21 23:59:34,620 - src.sales_forecast_system.features.engineering - INFO - engineering.py:101 - Creating markdown features...
2026-09-21 23:59:34,621 - src.sales_forecast_system.features.engineering - INFO - engineering.py:141 - Creating holiday features...
2026-09-21 23:59:34,633 - src.sales_forecast_system.features.engineering - INFO - engineering.py:182 - Creating interaction features...
2026-09-21 23:59:34,635 - src.sales_forecast_system.features.engineering - INFO - engineering.py:223 - Creating target-history features...
2026-09-21 23:59:34,635 - src.sales_forecast_system.features.lag_features - INFO - lag_features.py:40 - Creating lag features: [1, 2, 3, 4, 8, 12, 26, 52]
2026-09-21 23:59:34,663 - src.sales_forecast_system.features.rolling_features - INFO - rolling_features.py:54 - Creating rolling features with windows: [4, 8, 12, 26, 52]
2026-09-21 23:59:34,811 - src.sales_forecast_system.features.engineering - INFO - engineering.py:255 - Created 33 lag/rolling target-history features.
2026-09-21 23:59:34,811 - src.sales_forecast_system.features.engineering - INFO - engineering.py:293 - Engineered dataset shape: (132, 43)
2026-09-21 23:59:34,833 - src.sales_forecast_system.features.engineering - INFO - engineering.py:282 - Running complete feature engineering pipeline...
2026-09-21 23:59:34,833 - src.sales_forecast_system.features.engineering - INFO - engineering.py:52 - Creating time features...
2026-09-21 23:59:34,833 - src.sales_forecast_system.features.engineering - INFO - engineering.py:87 - Creating store features...
2026-09-21 23:59:34,834 - src.sales_forecast_system.features.engineering - INFO - engineering.py:101 - Creating markdown features...
2026-09-21 23:59:34,834 - src.sales_forecast_system.features.engineering - INFO - engineering.py:141 - Creating holiday features...
2026-09-21 23:59:34,845 - src.sales_forecast_system.features.engineering - INFO - engineering.py:182 - Creating interaction features...
2026-09-21 23:59:34,846 - src.sales_forecast_system.features.engineering - INFO - engineering.py:223 - Creating target-history features...
2026-09-21 23:59:34,847 - src.sales_forecast_system.features.lag_features - INFO - lag_features.py:40 - Creating lag features: [1, 2, 3, 4, 8, 12, 26, 52]
2026-09-21 23:59:34,877 - src.sales_forecast_system.features.rolling_features - INFO - rolling_features.py:54 - Creating rolling features with windows: [4, 8, 12, 26, 52]
2026-09-21 23:59:35,023 - src.sales_forecast_system.features.engineering - INFO - engineering.py:255 - Created 33 lag/rolling target-history features.
2026-09-21 23:59:35,024 - src.sales_forecast_system.features.engineering - INFO - engineering.py:293 - Engineered dataset shape: (133, 43)
2026-09-21 23:59:35,054 - src.sales_forecast_system.features.engineering - INFO - engineering.py:282 - Running complete feature engineering pipeline...
2026-09-21 23:59:35,054 - src.sales_forecast_system.features.engineering - INFO - engineering.py:52 - Creating time features...
2026-09-21 23:59:35,054 - src.sales_forecast_system.features.engineering - INFO - engineering.py:87 - Creating store features...
2026-09-21 23:59:35,055 - src.sales_forecast_system.features.engineering - INFO - engineering.py:101 - Creating markdown features...
2026-09-21 23:59:35,055 - src.sales_forecast_system.features.engineering - INFO - engineering.py:141 - Creating holiday features...
2026-09-21 23:59:35,067 - src.sales_forecast_system.features.engineering - INFO - engineering.py:182 - Creating interaction features...
2026-09-21 23:59:35,069 - src.sales_forecast_system.features.engineering - INFO - engineering.py:223 - Creating target-history features...
2026-09-21 23:59:35,069 - src.sales_forecast_system.features.lag_features - INFO - lag_features.py:40 - Creating lag features: [1, 2, 3, 4, 8, 12, 26, 52]
2026-09-21 23:59:35,102 - src.sales_forecast_system.features.rolling_features - INFO - rolling_features.py:54 - Creating rolling features with windows: [4, 8, 12, 26, 52]
2026-09-21 23:59:35,254 - src.sales_forecast_system.features.engineering - INFO - engineering.py:255 - Created 33 lag/rolling target-history features.
2026-09-21 23:59:35,254 - src.sales_forecast_system.features.engineering - INFO - engineering.py:293 - Engineered dataset shape: (134, 43)
2026-09-21 23:59:35,285 - src.sales_forecast_system.features.engineering - INFO - engineering.py:282 - Running complete feature engineering pipeline...
2026-09-21 23:59:35,285 - src.sales_forecast_system.features.engineering - INFO - engineering.py:52 - Creating time features...
2026-09-21 23:59:35,286 - src.sales_forecast_system.features.engineering - INFO - engineering.py:87 - Creating store features...
2026-09-21 23:59:35,286 - src.sales_forecast_system.features.engineering - INFO - engineering.py:101 - Creating markdown features...
2026-09-21 23:59:35,287 - src.sales_forecast_system.features.engineering - INFO - engineering.py:141 - Creating holiday features...
2026-09-21 23:59:35,298 - src.sales_forecast_system.features.engineering - INFO - engineering.py:182 - Creating interaction features...
2026-09-21 23:59:35,299 - src.sales_forecast_system.features.engineering - INFO - engineering.py:223 - Creating target-history features...
2026-09-21 23:59:35,299 - src.sales_forecast_system.features.lag_features - INFO - lag_features.py:40 - Creating lag features: [1, 2, 3, 4, 8, 12, 26, 52]
2026-09-21 23:59:35,322 - src.sales_forecast_system.features.rolling_features - INFO - rolling_features.py:54 - Creating rolling features with windows: [4, 8, 12, 26, 52]
2026-09-21 23:59:35,448 - src.sales_forecast_system.features.engineering - INFO - engineering.py:255 - Created 33 lag/rolling target-history features.
2026-09-21 23:59:35,449 - src.sales_forecast_system.features.engineering - INFO - engineering.py:293 - Engineered dataset shape: (135, 43)
2026-09-21 23:59:35,476 - src.sales_forecast_system.features.engineering - INFO - engineering.py:282 - Running complete feature engineering pipeline...
2026-09-21 23:59:35,477 - src.sales_forecast_system.features.engineering - INFO - engineering.py:52 - Creating time features...
2026-09-21 23:59:35,477 - src.sales_forecast_system.features.engineering - INFO - engineering.py:87 - Creating store features...
2026-09-21 23:59:35,478 - src.sales_forecast_system.features.engineering - INFO - engineering.py:101 - Creating markdown features...
2026-09-21 23:59:35,479 - src.sales_forecast_system.features.engineering - INFO - engineering.py:141 - Creating holiday features...
2026-09-21 23:59:35,489 - src.sales_forecast_system.features.engineering - INFO - engineering.py:182 - Creating interaction features...
2026-09-21 23:59:35,491 - src.sales_forecast_system.features.engineering - INFO - engineering.py:223 - Creating target-history features...
2026-09-21 23:59:35,492 - src.sales_forecast_system.features.lag_features - INFO - lag_features.py:40 - Creating lag features: [1, 2, 3, 4, 8, 12, 26, 52]
2026-09-21 23:59:35,531 - src.sales_forecast_system.features.rolling_features - INFO - rolling_features.py:54 - Creating rolling features with windows: [4, 8, 12, 26, 52]
2026-09-21 23:59:35,698 - src.sales_forecast_system.features.engineering - INFO - engineering.py:255 - Created 33 lag/rolling target-history features.
2026-09-21 23:59:35,699 - src.sales_forecast_system.features.engineering - INFO - engineering.py:293 - Engineered dataset shape: (136, 43)
2026-09-21 23:59:35,747 - src.sales_forecast_system.features.engineering - INFO - engineering.py:282 - Running complete feature engineering pipeline...
2026-09-21 23:59:35,751 - src.sales_forecast_system.features.engineering - INFO - engineering.py:52 - Creating time features...
2026-09-21 23:59:35,751 - src.sales_forecast_system.features.engineering - INFO - engineering.py:87 - Creating store features...
2026-09-21 23:59:35,752 - src.sales_forecast_system.features.engineering - INFO - engineering.py:101 - Creating markdown features...
2026-09-21 23:59:35,753 - src.sales_forecast_system.features.engineering - INFO - engineering.py:141 - Creating holiday features...
2026-09-21 23:59:35,763 - src.sales_forecast_system.features.engineering - INFO - engineering.py:182 - Creating interaction features...
2026-09-21 23:59:35,764 - src.sales_forecast_system.features.engineering - INFO - engineering.py:223 - Creating target-history features...
2026-09-21 23:59:35,765 - src.sales_forecast_system.features.lag_features - INFO - lag_features.py:40 - Creating lag features: [1, 2, 3, 4, 8, 12, 26, 52]
2026-09-21 23:59:35,798 - src.sales_forecast_system.features.rolling_features - INFO - rolling_features.py:54 - Creating rolling features with windows: [4, 8, 12, 26, 52]
2026-09-21 23:59:35,956 - src.sales_forecast_system.features.engineering - INFO - engineering.py:255 - Created 33 lag/rolling target-history features.
2026-09-21 23:59:35,956 - src.sales_forecast_system.features.engineering - INFO - engineering.py:293 - Engineered dataset shape: (137, 43)
2026-09-21 23:59:35,989 - src.sales_forecast_system.features.engineering - INFO - engineering.py:282 - Running complete feature engineering pipeline...
2026-09-21 23:59:35,989 - src.sales_forecast_system.features.engineering - INFO - engineering.py:52 - Creating time features...
2026-09-21 23:59:35,990 - src.sales_forecast_system.features.engineering - INFO - engineering.py:87 - Creating store features...
2026-09-21 23:59:35,991 - src.sales_forecast_system.features.engineering - INFO - engineering.py:101 - Creating markdown features...
2026-09-21 23:59:35,991 - src.sales_forecast_system.features.engineering - INFO - engineering.py:141 - Creating holiday features...
2026-09-21 23:59:36,001 - src.sales_forecast_system.features.engineering - INFO - engineering.py:182 - Creating interaction features...
2026-09-21 23:59:36,002 - src.sales_forecast_system.features.engineering - INFO - engineering.py:223 - Creating target-history features...
2026-09-21 23:59:36,003 - src.sales_forecast_system.features.lag_features - INFO - lag_features.py:40 - Creating lag features: [1, 2, 3, 4, 8, 12, 26, 52]
2026-09-21 23:59:36,032 - src.sales_forecast_system.features.rolling_features - INFO - rolling_features.py:54 - Creating rolling features with windows: [4, 8, 12, 26, 52]
2026-09-21 23:59:36,174 - src.sales_forecast_system.features.engineering - INFO - engineering.py:255 - Created 33 lag/rolling target-history features.
2026-09-21 23:59:36,174 - src.sales_forecast_system.features.engineering - INFO - engineering.py:293 - Engineered dataset shape: (138, 43)
2026-09-21 23:59:36,193 - src.sales_forecast_system.features.engineering - INFO - engineering.py:282 - Running complete feature engineering pipeline...
2026-09-21 23:59:36,194 - src.sales_forecast_system.features.engineering - INFO - engineering.py:52 - Creating time features...
2026-09-21 23:59:36,194 - src.sales_forecast_system.features.engineering - INFO - engineering.py:87 - Creating store features...
2026-09-21 23:59:36,195 - src.sales_forecast_system.features.engineering - INFO - engineering.py:101 - Creating markdown features...
2026-09-21 23:59:36,195 - src.sales_forecast_system.features.engineering - INFO - engineering.py:141 - Creating holiday features...
2026-09-21 23:59:36,207 - src.sales_forecast_system.features.engineering - INFO - engineering.py:182 - Creating interaction features...
2026-09-21 23:59:36,208 - src.sales_forecast_system.features.engineering - INFO - engineering.py:223 - Creating target-history features...
2026-09-21 23:59:36,208 - src.sales_forecast_system.features.lag_features - INFO - lag_features.py:40 - Creating lag features: [1, 2, 3, 4, 8, 12, 26, 52]
2026-09-21 23:59:36,234 - src.sales_forecast_system.features.rolling_features - INFO - rolling_features.py:54 - Creating rolling features with windows: [4, 8, 12, 26, 52]
2026-09-21 23:59:36,392 - src.sales_forecast_system.features.engineering - INFO - engineering.py:255 - Created 33 lag/rolling target-history features.
2026-09-21 23:59:36,393 - src.sales_forecast_system.features.engineering - INFO - engineering.py:293 - Engineered dataset shape: (139, 43)
2026-09-21 23:59:36,432 - src.sales_forecast_system.features.engineering - INFO - engineering.py:282 - Running complete feature engineering pipeline...
2026-09-21 23:59:36,433 - src.sales_forecast_system.features.engineering - INFO - engineering.py:52 - Creating time features...
2026-09-21 23:59:36,434 - src.sales_forecast_system.features.engineering - INFO - engineering.py:87 - Creating store features...
2026-09-21 23:59:36,435 - src.sales_forecast_system.features.engineering - INFO - engineering.py:101 - Creating markdown features...
2026-09-21 23:59:36,436 - src.sales_forecast_system.features.engineering - INFO - engineering.py:141 - Creating holiday features...
2026-09-21 23:59:36,445 - src.sales_forecast_system.features.engineering - INFO - engineering.py:182 - Creating interaction features...
2026-09-21 23:59:36,446 - src.sales_forecast_system.features.engineering - INFO - engineering.py:223 - Creating target-history features...
2026-09-21 23:59:36,447 - src.sales_forecast_system.features.lag_features - INFO - lag_features.py:40 - Creating lag features: [1, 2, 3, 4, 8, 12, 26, 52]
2026-09-21 23:59:36,479 - src.sales_forecast_system.features.rolling_features - INFO - rolling_features.py:54 - Creating rolling features with windows: [4, 8, 12, 26, 52]
2026-09-21 23:59:36,648 - src.sales_forecast_system.features.engineering - INFO - engineering.py:255 - Created 33 lag/rolling target-history features.
2026-09-21 23:59:36,649 - src.sales_forecast_system.features.engineering - INFO - engineering.py:293 - Engineered dataset shape: (140, 43)
2026-09-21 23:59:36,685 - src.sales_forecast_system.features.engineering - INFO - engineering.py:282 - Running complete feature engineering pipeline...
2026-09-21 23:59:36,686 - src.sales_forecast_system.features.engineering - INFO - engineering.py:52 - Creating time features...
2026-09-21 23:59:36,686 - src.sales_forecast_system.features.engineering - INFO - engineering.py:87 - Creating store features...
2026-09-21 23:59:36,686 - src.sales_forecast_system.features.engineering - INFO - engineering.py:101 - Creating markdown features...
2026-09-21 23:59:36,687 - src.sales_forecast_system.features.engineering - INFO - engineering.py:141 - Creating holiday features...
2026-09-21 23:59:36,706 - src.sales_forecast_system.features.engineering - INFO - engineering.py:182 - Creating interaction features...
2026-09-21 23:59:36,708 - src.sales_forecast_system.features.engineering - INFO - engineering.py:223 - Creating target-history features...
2026-09-21 23:59:36,709 - src.sales_forecast_system.features.lag_features - INFO - lag_features.py:40 - Creating lag features: [1, 2, 3, 4, 8, 12, 26, 52]
2026-09-21 23:59:36,757 - src.sales_forecast_system.features.rolling_features - INFO - rolling_features.py:54 - Creating rolling features with windows: [4, 8, 12, 26, 52]
2026-09-21 23:59:36,960 - src.sales_forecast_system.features.engineering - INFO - engineering.py:255 - Created 33 lag/rolling target-history features.
2026-09-21 23:59:36,960 - src.sales_forecast_system.features.engineering - INFO - engineering.py:293 - Engineered dataset shape: (141, 43)
2026-09-21 23:59:36,996 - src.sales_forecast_system.features.engineering - INFO - engineering.py:282 - Running complete feature engineering pipeline...
2026-09-21 23:59:36,996 - src.sales_forecast_system.features.engineering - INFO - engineering.py:52 - Creating time features...
2026-09-21 23:59:36,997 - src.sales_forecast_system.features.engineering - INFO - engineering.py:87 - Creating store features...
2026-09-21 23:59:36,997 - src.sales_forecast_system.features.engineering - INFO - engineering.py:101 - Creating markdown features...
2026-09-21 23:59:36,998 - src.sales_forecast_system.features.engineering - INFO - engineering.py:141 - Creating holiday features...
2026-09-21 23:59:37,011 - src.sales_forecast_system.features.engineering - INFO - engineering.py:182 - Creating interaction features...
2026-09-21 23:59:37,013 - src.sales_forecast_system.features.engineering - INFO - engineering.py:223 - Creating target-history features...
2026-09-21 23:59:37,013 - src.sales_forecast_system.features.lag_features - INFO - lag_features.py:40 - Creating lag features: [1, 2, 3, 4, 8, 12, 26, 52]
2026-09-21 23:59:37,054 - src.sales_forecast_system.features.rolling_features - INFO - rolling_features.py:54 - Creating rolling features with windows: [4, 8, 12, 26, 52]
2026-09-21 23:59:37,181 - src.sales_forecast_system.features.engineering - INFO - engineering.py:255 - Created 33 lag/rolling target-history features.
2026-09-21 23:59:37,181 - src.sales_forecast_system.features.engineering - INFO - engineering.py:293 - Engineered dataset shape: (142, 43)
2026-09-21 23:59:37,208 - src.sales_forecast_system.features.engineering - INFO - engineering.py:282 - Running complete feature engineering pipeline...
2026-09-21 23:59:37,209 - src.sales_forecast_system.features.engineering - INFO - engineering.py:52 - Creating time features...
2026-09-21 23:59:37,209 - src.sales_forecast_system.features.engineering - INFO - engineering.py:87 - Creating store features...
2026-09-21 23:59:37,209 - src.sales_forecast_system.features.engineering - INFO - engineering.py:101 - Creating markdown features...
2026-09-21 23:59:37,210 - src.sales_forecast_system.features.engineering - INFO - engineering.py:141 - Creating holiday features...
2026-09-21 23:59:37,219 - src.sales_forecast_system.features.engineering - INFO - engineering.py:182 - Creating interaction features...
2026-09-21 23:59:37,220 - src.sales_forecast_system.features.engineering - INFO - engineering.py:223 - Creating target-history features...
2026-09-21 23:59:37,220 - src.sales_forecast_system.features.lag_features - INFO - lag_features.py:40 - Creating lag features: [1, 2, 3, 4, 8, 12, 26, 52]
2026-09-21 23:59:37,242 - src.sales_forecast_system.features.rolling_features - INFO - rolling_features.py:54 - Creating rolling features with windows: [4, 8, 12, 26, 52]
2026-09-21 23:59:37,354 - src.sales_forecast_system.features.engineering - INFO - engineering.py:255 - Created 33 lag/rolling target-history features.
2026-09-21 23:59:37,354 - src.sales_forecast_system.features.engineering - INFO - engineering.py:293 - Engineered dataset shape: (143, 43)
2026-09-21 23:59:37,386 - src.sales_forecast_system.training.trainer - INFO - trainer.py:167 - Recursive forecasting completed: 29 predictions.
